"Owner","workNumber","score","replyTo","comment"
"user-0001","221","910","","[评论内容已隐藏]"
"user-0002","103","890","","[评论内容已隐藏]"
"user-0003","67","600","","[评论内容已隐藏]"
"user-0004","5","0","comment-000517","[评论内容已隐藏]"
"user-0005","19","780","","[评论内容已隐藏]"
"user-0006","226","870","","[评论内容已隐藏]"
"user-0007","174","850","","[评论内容已隐藏]"
"user-0008","166","880","","[评论内容已隐藏]"
"user-0009","88","720","","[评论内容已隐藏]"
"user-0010","35","680","","[评论内容已隐藏]"
"user-0011","221","0","comment-003214","[评论内容已隐藏]"
"user-0012","182","830","","[评论内容已隐藏]"
"user-0013","30","670","","[评论内容已隐藏]"
"user-0014","65","500","","[评论内容已隐藏]"
"user-0015","23","880","","[评论内容已隐藏]"
"user-0013","223","720","","[评论内容已隐藏]"
"user-0016","216","690","","[评论内容已隐藏]"
"user-0017","63","850","","[评论内容已隐藏]"
"user-0018","54","0","comment-003154","[评论内容已隐藏]"
"user-0019","220","0","comment-003038","[评论内容已隐藏]"
"user-0020","41","740","","[评论内容已隐藏]"
"user-0021","81","810","","[评论内容已隐藏]"
"user-0022","134","860","","[评论内容已隐藏]"
"user-0023","140","500","","[评论内容已隐藏]"
"user-0024","12","700","","[评论内容已隐藏]"
"user-0025","106","740","","[评论内容已隐藏]"
"user-0026","128","680","","[评论内容已隐藏]"
"user-0027","66","700","","[评论内容已隐藏]"
"user-0028","28","0","comment-000239","[评论内容已隐藏]"
"user-0029","153","620","","[评论内容已隐藏]"
"user-0030","228","0","comment-001845","[评论内容已隐藏]"
"user-0031","92","0","comment-002469","[评论内容已隐藏]"
"user-0032","136","680","","[评论内容已隐藏]"
"user-0027","66","0","comment-001374","[评论内容已隐藏]"
"user-0033","42","0","comment-001567","[评论内容已隐藏]"
"user-0034","215","880","","[评论内容已隐藏]"
"user-0035","115","670","","[评论内容已隐藏]"
"user-0036","136","720","","[评论内容已隐藏]"
"user-0037","225","750","","[评论内容已隐藏]"
"user-0038","195","0","comment-002930","[评论内容已隐藏]"
"user-0039","184","830","","[评论内容已隐藏]"
"user-0033","42","0","comment-000363","[评论内容已隐藏]"
"user-0017","54","700","","[评论内容已隐藏]"
"user-0007","111","550","","[评论内容已隐藏]"
"user-0040","37","0","comment-003220","[评论内容已隐藏]"
"user-0041","56","650","","[评论内容已隐藏]"
"user-0042","26","720","","[评论内容已隐藏]"
"user-0041","43","770","","[评论内容已隐藏]"
"user-0012","221","920","","[评论内容已隐藏]"
"user-0043","208","360","","[评论内容已隐藏]"
"user-0044","168","0","comment-002672","[评论内容已隐藏]"
"user-0045","88","0","comment-001104","[评论内容已隐藏]"
"user-0042","26","0","comment-000047","[评论内容已隐藏]"
"user-0046","121","850","","[评论内容已隐藏]"
"user-0047","206","810","","[评论内容已隐藏]"
"user-0024","174","770","","[评论内容已隐藏]"
"user-0048","241","0","comment-000439","[评论内容已隐藏]"
"user-0049","55","0","comment-003066","[评论内容已隐藏]"
"user-0050","165","770","","[评论内容已隐藏]"
"user-0013","80","740","","[评论内容已隐藏]"
"user-0051","121","670","","[评论内容已隐藏]"
"user-0052","197","0","comment-002962","[评论内容已隐藏]"
"user-0053","63","800","","[评论内容已隐藏]"
"user-0054","128","600","","[评论内容已隐藏]"
"user-0055","94","740","","[评论内容已隐藏]"
"user-0056","114","0","comment-001185","[评论内容已隐藏]"
"user-0057","69","850","","[评论内容已隐藏]"
"user-0023","214","600","","[评论内容已隐藏]"
"user-0058","114","770","","[评论内容已隐藏]"
"user-0059","73","520","","[评论内容已隐藏]"
"user-0060","206","860","","[评论内容已隐藏]"
"user-0040","45","200","","[评论内容已隐藏]"
"user-0061","16","730","","[评论内容已隐藏]"
"user-0019","224","0","comment-001671","[评论内容已隐藏]"
"user-0062","141","680","","[评论内容已隐藏]"
"user-0063","73","800","","[评论内容已隐藏]"
"user-0064","112","670","","[评论内容已隐藏]"
"user-0019","220","0","comment-003038","[评论内容已隐藏]"
"user-0028","104","840","","[评论内容已隐藏]"
"user-0025","119","720","","[评论内容已隐藏]"
"user-0058","16","680","","[评论内容已隐藏]"
"user-0006","230","800","","[评论内容已隐藏]"
"user-0065","129","880","","[评论内容已隐藏]"
"user-0066","182","790","","[评论内容已隐藏]"
"user-0067","9","640","","[评论内容已隐藏]"
"user-0004","197","0","comment-000885","[评论内容已隐藏]"
"user-0068","206","920","","[评论内容已隐藏]"
"user-0022","124","600","","[评论内容已隐藏]"
"user-0069","110","650","","[评论内容已隐藏]"
"user-0010","40","620","","[评论内容已隐藏]"
"user-0070","214","500","","[评论内容已隐藏]"
"user-0026","161","750","","[评论内容已隐藏]"
"user-0071","228","700","","[评论内容已隐藏]"
"user-0072","18","0","comment-ref-000001","[评论内容已隐藏]"
"user-0073","209","700","","[评论内容已隐藏]"
"user-0061","36","740","","[评论内容已隐藏]"
"user-0013","132","730","","[评论内容已隐藏]"
"user-0074","12","650","","[评论内容已隐藏]"
"user-0075","140","550","","[评论内容已隐藏]"
"user-0076","33","830","","[评论内容已隐藏]"
"user-0077","179","800","","[评论内容已隐藏]"
"user-0065","188","840","","[评论内容已隐藏]"
"user-0078","100","720","","[评论内容已隐藏]"
"user-0031","92","0","comment-000904","[评论内容已隐藏]"
"user-0079","85","0","comment-001782","[评论内容已隐藏]"
"user-0080","120","0","comment-002467","[评论内容已隐藏]"
"user-0081","161","650","","[评论内容已隐藏]"
"user-0082","25","750","","[评论内容已隐藏]"
"user-0083","42","750","","[评论内容已隐藏]"
"user-0084","5","0","comment-003072","[评论内容已隐藏]"
"user-0085","8","720","","[评论内容已隐藏]"
"user-0086","158","880","","[评论内容已隐藏]"
"user-0087","47","670","","[评论内容已隐藏]"
"user-0088","146","520","","[评论内容已隐藏]"
"user-0018","54","0","comment-001931","[评论内容已隐藏]"
"user-0089","49","670","","[评论内容已隐藏]"
"user-0068","79","670","","[评论内容已隐藏]"
"user-0090","115","740","","[评论内容已隐藏]"
"user-0091","193","680","","[评论内容已隐藏]"
"user-0090","237","710","","[评论内容已隐藏]"
"user-0092","204","660","","[评论内容已隐藏]"
"user-0093","183","0","comment-001680","[评论内容已隐藏]"
"user-0007","173","790","","[评论内容已隐藏]"
"user-0094","199","0","comment-ref-000002","[评论内容已隐藏]"
"user-0095","74","480","","[评论内容已隐藏]"
"user-0091","191","700","","[评论内容已隐藏]"
"user-0096","57","0","comment-002779","[评论内容已隐藏]"
"user-0001","239","650","","[评论内容已隐藏]"
"user-0097","95","730","","[评论内容已隐藏]"
"user-0078","94","630","","[评论内容已隐藏]"
"user-0018","49","740","","[评论内容已隐藏]"
"user-0063","37","770","","[评论内容已隐藏]"
"user-0011","134","920","","[评论内容已隐藏]"
"user-0037","217","760","","[评论内容已隐藏]"
"user-0098","122","820","","[评论内容已隐藏]"
"user-0006","149","690","","[评论内容已隐藏]"
"user-0096","57","0","comment-002779","[评论内容已隐藏]"
"user-0016","210","590","","[评论内容已隐藏]"
"user-0099","125","730","","[评论内容已隐藏]"
"user-0100","202","840","","[评论内容已隐藏]"
"user-0052","197","0","comment-001660","[评论内容已隐藏]"
"user-0101","119","0","comment-000971","[评论内容已隐藏]"
"user-0102","21","670","","[评论内容已隐藏]"
"user-0027","66","0","comment-002620","[评论内容已隐藏]"
"user-0088","148","0","comment-000528","[评论内容已隐藏]"
"user-0103","35","0","comment-002187","[评论内容已隐藏]"
"user-0026","157","0","comment-002081","[评论内容已隐藏]"
"user-0093","118","740","","[评论内容已隐藏]"
"user-0104","191","700","","[评论内容已隐藏]"
"user-0105","17","700","","[评论内容已隐藏]"
"user-0006","212","690","","[评论内容已隐藏]"
"user-0011","222","0","comment-001260","[评论内容已隐藏]"
"user-0026","3","450","","[评论内容已隐藏]"
"user-0047","129","0","comment-ref-000003","[评论内容已隐藏]"
"user-0047","75","400","","[评论内容已隐藏]"
"user-0106","65","660","","[评论内容已隐藏]"
"user-0033","118","780","","[评论内容已隐藏]"
"user-0035","129","800","","[评论内容已隐藏]"
"user-0033","83","720","","[评论内容已隐藏]"
"user-0026","98","0","comment-002619","[评论内容已隐藏]"
"user-0107","29","820","","[评论内容已隐藏]"
"user-0081","87","0","comment-001176","[评论内容已隐藏]"
"user-0108","60","650","","[评论内容已隐藏]"
"user-0109","198","820","","[评论内容已隐藏]"
"user-0011","168","650","","[评论内容已隐藏]"
"user-0023","227","900","","[评论内容已隐藏]"
"user-0050","202","0","comment-000539","[评论内容已隐藏]"
"user-0027","68","710","","[评论内容已隐藏]"
"user-0110","49","760","","[评论内容已隐藏]"
"user-0031","92","0","comment-002925","[评论内容已隐藏]"
"user-0111","223","650","","[评论内容已隐藏]"
"user-0043","156","750","","[评论内容已隐藏]"
"user-0005","189","0","comment-002578","[评论内容已隐藏]"
"user-0112","105","780","","[评论内容已隐藏]"
"user-0009","9","0","comment-002010","[评论内容已隐藏]"
"user-0113","65","700","","[评论内容已隐藏]"
"user-0114","141","670","","[评论内容已隐藏]"
"user-0031","94","710","","[评论内容已隐藏]"
"user-0115","27","680","","[评论内容已隐藏]"
"user-0116","61","720","","[评论内容已隐藏]"
"user-0117","212","680","","[评论内容已隐藏]"
"user-0013","84","710","","[评论内容已隐藏]"
"user-0043","154","830","","[评论内容已隐藏]"
"user-0118","169","0","comment-000424","[评论内容已隐藏]"
"user-0119","32","670","","[评论内容已隐藏]"
"user-0120","1","670","","[评论内容已隐藏]"
"user-0121","230","750","","[评论内容已隐藏]"
"user-0122","86","0","comment-002284","[评论内容已隐藏]"
"user-0123","234","600","","[评论内容已隐藏]"
"user-0106","60","880","","[评论内容已隐藏]"
"user-0056","114","0","comment-002092","[评论内容已隐藏]"
"user-0112","53","720","","[评论内容已隐藏]"
"user-0124","149","0","comment-000422","[评论内容已隐藏]"
"user-0045","37","830","","[评论内容已隐藏]"
"user-0096","57","0","comment-001632","[评论内容已隐藏]"
"user-0026","13","750","","[评论内容已隐藏]"
"user-0104","49","0","comment-001384","[评论内容已隐藏]"
"user-0019","224","0","comment-002042","[评论内容已隐藏]"
"user-0125","143","0","comment-ref-000004","[评论内容已隐藏]"
"user-0126","198","750","","[评论内容已隐藏]"
"user-0127","196","880","","[评论内容已隐藏]"
"user-0128","156","0","comment-002957","[评论内容已隐藏]"
"user-0112","115","580","","[评论内容已隐藏]"
"user-0129","142","620","","[评论内容已隐藏]"
"user-0109","215","0","comment-000438","[评论内容已隐藏]"
"user-0130","26","760","","[评论内容已隐藏]"
"user-0131","229","800","","[评论内容已隐藏]"
"user-0087","64","670","","[评论内容已隐藏]"
"user-0092","200","700","","[评论内容已隐藏]"
"user-0132","19","740","","[评论内容已隐藏]"
"user-0112","135","890","","[评论内容已隐藏]"
"user-0031","92","0","comment-001038","[评论内容已隐藏]"
"user-0102","71","630","","[评论内容已隐藏]"
"user-0118","5","650","","[评论内容已隐藏]"
"user-0058","94","730","","[评论内容已隐藏]"
"user-0133","31","750","","[评论内容已隐藏]"
"user-0133","100","650","","[评论内容已隐藏]"
"user-0013","2","650","","[评论内容已隐藏]"
"user-0134","148","450","","[评论内容已隐藏]"
"user-0135","93","700","","[评论内容已隐藏]"
"user-0136","128","870","","[评论内容已隐藏]"
"user-0137","193","0","comment-002873","[评论内容已隐藏]"
"user-0019","220","0","comment-003038","[评论内容已隐藏]"
"user-0013","128","720","","[评论内容已隐藏]"
"user-0052","137","680","","[评论内容已隐藏]"
"user-0138","74","670","","[评论内容已隐藏]"
"user-0139","140","510","","[评论内容已隐藏]"
"user-0140","139","820","","[评论内容已隐藏]"
"user-0141","122","700","","[评论内容已隐藏]"
"","154","730","","[评论内容已隐藏]"
"user-0002","30","460","","[评论内容已隐藏]"
"user-0043","178","0","comment-001322","[评论内容已隐藏]"
"user-0142","85","620","","[评论内容已隐藏]"
"user-0054","92","670","","[评论内容已隐藏]"
"user-0065","29","0","comment-003216","[评论内容已隐藏]"
"user-0122","141","680","","[评论内容已隐藏]"
"user-0082","5","0","comment-000808","[评论内容已隐藏]"
"user-0129","142","0","comment-000204","[评论内容已隐藏]"
"user-0112","28","750","","[评论内容已隐藏]"
"user-0071","210","550","","[评论内容已隐藏]"
"user-0143","199","840","","[评论内容已隐藏]"
"user-0045","27","750","","[评论内容已隐藏]"
"user-0144","102","730","","[评论内容已隐藏]"
"user-0074","175","0","comment-002533","[评论内容已隐藏]"
"user-0009","9","0","comment-000567","[评论内容已隐藏]"
"user-0090","7","210","","[评论内容已隐藏]"
"user-0145","58","500","","[评论内容已隐藏]"
"user-0067","56","0","comment-001870","[评论内容已隐藏]"
"user-0146","61","680","","[评论内容已隐藏]"
"user-0025","40","800","","[评论内容已隐藏]"
"user-0124","145","600","","[评论内容已隐藏]"
"user-0053","21","350","","[评论内容已隐藏]"
"user-0058","10","670","","[评论内容已隐藏]"
"user-0038","195","0","comment-003227","[评论内容已隐藏]"
"user-0076","152","510","","[评论内容已隐藏]"
"user-0094","209","800","","[评论内容已隐藏]"
"user-0069","118","650","","[评论内容已隐藏]"
"user-0022","30","240","","[评论内容已隐藏]"
"user-0147","192","680","","[评论内容已隐藏]"
"user-0031","110","650","","[评论内容已隐藏]"
"user-0093","233","670","","[评论内容已隐藏]"
"user-0024","237","750","","[评论内容已隐藏]"
"user-0042","207","0","comment-000347","[评论内容已隐藏]"
"user-0026","12","650","","[评论内容已隐藏]"
"user-0026","131","930","","[评论内容已隐藏]"
"user-0148","111","590","","[评论内容已隐藏]"
"user-0052","197","0","comment-ref-000005","[评论内容已隐藏]"
"user-0008","191","0","comment-ref-000006","[评论内容已隐藏]"
"user-0100","156","720","","[评论内容已隐藏]"
"user-0115","112","650","","[评论内容已隐藏]"
"user-0014","149","550","","[评论内容已隐藏]"
"user-0018","54","0","comment-000454","[评论内容已隐藏]"
"user-0149","139","0","comment-001869","[评论内容已隐藏]"
"user-0061","69","0","comment-001150","[评论内容已隐藏]"
"user-0059","231","780","","[评论内容已隐藏]"
"user-0150","70","820","","[评论内容已隐藏]"
"user-0091","207","0","comment-002597","[评论内容已隐藏]"
"user-0151","25","0","comment-001793","[评论内容已隐藏]"
"user-0152","93","700","","[评论内容已隐藏]"
"user-0112","76","0","comment-003037","[评论内容已隐藏]"
"user-0055","98","780","","[评论内容已隐藏]"
"user-0040","46","0","comment-000889","[评论内容已隐藏]"
"user-0073","186","750","","[评论内容已隐藏]"
"user-0065","29","0","comment-002908","[评论内容已隐藏]"
"user-0113","3","690","","[评论内容已隐藏]"
"user-0153","108","740","","[评论内容已隐藏]"
"user-0084","203","910","","[评论内容已隐藏]"
"user-0060","203","880","","[评论内容已隐藏]"
"user-0154","35","690","","[评论内容已隐藏]"
"user-0134","104","650","","[评论内容已隐藏]"
"user-0029","145","0","comment-002643","[评论内容已隐藏]"
"user-0051","90","720","","[评论内容已隐藏]"
"user-0075","161","600","","[评论内容已隐藏]"
"user-0085","17","680","","[评论内容已隐藏]"
"user-0155","193","700","","[评论内容已隐藏]"
"user-0144","139","900","","[评论内容已隐藏]"
"user-0033","27","770","","[评论内容已隐藏]"
"user-0123","83","650","","[评论内容已隐藏]"
"user-0156","77","600","","[评论内容已隐藏]"
"user-0112","69","920","","[评论内容已隐藏]"
"user-0157","22","810","","[评论内容已隐藏]"
"user-0002","110","550","","[评论内容已隐藏]"
"user-0129","66","730","","[评论内容已隐藏]"
"user-0047","1","620","","[评论内容已隐藏]"
"user-0158","166","820","","[评论内容已隐藏]"
"user-0048","178","400","","[评论内容已隐藏]"
"user-0132","34","790","","[评论内容已隐藏]"
"user-0004","5","0","comment-000808","[评论内容已隐藏]"
"user-0159","225","770","","[评论内容已隐藏]"
"user-0160","206","840","","[评论内容已隐藏]"
"user-0103","35","0","comment-003075","[评论内容已隐藏]"
"user-0161","179","630","","[评论内容已隐藏]"
"user-0162","234","600","","[评论内容已隐藏]"
"user-0072","181","730","","[评论内容已隐藏]"
"user-0052","197","0","comment-000885","[评论内容已隐藏]"
"user-0001","185","900","","[评论内容已隐藏]"
"user-0027","121","870","","[评论内容已隐藏]"
"user-0163","224","730","","[评论内容已隐藏]"
"user-0049","45","350","","[评论内容已隐藏]"
"user-0151","96","850","","[评论内容已隐藏]"
"user-0006","192","710","","[评论内容已隐藏]"
"user-0164","200","870","","[评论内容已隐藏]"
"user-0120","34","640","","[评论内容已隐藏]"
"user-0112","67","350","","[评论内容已隐藏]"
"user-0051","174","910","","[评论内容已隐藏]"
"user-0021","69","0","comment-001150","[评论内容已隐藏]"
"user-0165","27","780","","[评论内容已隐藏]"
"user-0047","57","550","","[评论内容已隐藏]"
"user-0166","184","950","","[评论内容已隐藏]"
"user-0167","34","790","","[评论内容已隐藏]"
"user-0107","188","0","comment-000503","[评论内容已隐藏]"
"user-0048","202","800","","[评论内容已隐藏]"
"user-0078","108","620","","[评论内容已隐藏]"
"user-0049","25","760","","[评论内容已隐藏]"
"user-0136","229","730","","[评论内容已隐藏]"
"user-0065","57","880","","[评论内容已隐藏]"
"user-0140","97","600","","[评论内容已隐藏]"
"user-0168","92","690","","[评论内容已隐藏]"
"user-0102","16","0","comment-000872","[评论内容已隐藏]"
"user-0155","220","850","","[评论内容已隐藏]"
"user-0099","167","870","","[评论内容已隐藏]"
"user-0065","29","0","comment-001007","[评论内容已隐藏]"
"user-0003","30","780","","[评论内容已隐藏]"
"user-0019","224","0","comment-000499","[评论内容已隐藏]"
"user-0115","155","880","","[评论内容已隐藏]"
"user-0103","74","700","","[评论内容已隐藏]"
"user-0169","207","710","","[评论内容已隐藏]"
"user-0005","84","700","","[评论内容已隐藏]"
"user-0170","225","620","","[评论内容已隐藏]"
"user-0171","91","590","","[评论内容已隐藏]"
"user-0091","3","590","","[评论内容已隐藏]"
"user-0147","242","680","","[评论内容已隐藏]"
"user-0019","169","650","","[评论内容已隐藏]"
"user-0166","226","740","","[评论内容已隐藏]"
"user-0092","208","500","","[评论内容已隐藏]"
"user-0172","216","680","","[评论内容已隐藏]"
"user-0139","7","600","","[评论内容已隐藏]"
"user-0137","160","640","","[评论内容已隐藏]"
"user-0068","127","800","","[评论内容已隐藏]"
"user-0040","83","740","","[评论内容已隐藏]"
"user-0173","24","670","","[评论内容已隐藏]"
"user-0049","56","550","","[评论内容已隐藏]"
"user-0174","42","740","","[评论内容已隐藏]"
"user-0175","113","630","","[评论内容已隐藏]"
"user-0113","111","0","comment-002296","[评论内容已隐藏]"
"user-0176","61","0","comment-002158","[评论内容已隐藏]"
"user-0177","93","680","","[评论内容已隐藏]"
"user-0178","157","870","","[评论内容已隐藏]"
"user-0179","56","570","","[评论内容已隐藏]"
"user-0098","113","670","","[评论内容已隐藏]"
"user-0101","109","760","","[评论内容已隐藏]"
"user-0037","204","820","","[评论内容已隐藏]"
"user-0177","85","660","","[评论内容已隐藏]"
"user-0180","236","0","comment-001606","[评论内容已隐藏]"
"user-0181","135","620","","[评论内容已隐藏]"
"user-0156","200","740","","[评论内容已隐藏]"
"user-0182","107","670","","[评论内容已隐藏]"
"user-0183","142","610","","[评论内容已隐藏]"
"user-0048","146","400","","[评论内容已隐藏]"
"user-0042","148","710","","[评论内容已隐藏]"
"user-0183","171","450","","[评论内容已隐藏]"
"user-0071","179","400","","[评论内容已隐藏]"
"user-0164","239","770","","[评论内容已隐藏]"
"user-0048","178","0","comment-000306","[评论内容已隐藏]"
"user-0184","71","800","","[评论内容已隐藏]"
"user-0084","123","820","","[评论内容已隐藏]"
"user-0034","170","0","comment-002117","[评论内容已隐藏]"
"user-0163","87","860","","[评论内容已隐藏]"
"user-0120","52","640","","[评论内容已隐藏]"
"user-0052","128","680","","[评论内容已隐藏]"
"user-0185","33","650","","[评论内容已隐藏]"
"user-0061","3","660","","[评论内容已隐藏]"
"user-0186","239","710","","[评论内容已隐藏]"
"user-0043","187","400","","[评论内容已隐藏]"
"user-0005","241","800","","[评论内容已隐藏]"
"user-0028","35","660","","[评论内容已隐藏]"
"user-0013","175","750","","[评论内容已隐藏]"
"user-0187","109","760","","[评论内容已隐藏]"
"user-0188","75","630","","[评论内容已隐藏]"
"user-0014","12","650","","[评论内容已隐藏]"
"user-0043","172","700","","[评论内容已隐藏]"
"user-0177","81","740","","[评论内容已隐藏]"
"user-0176","75","680","","[评论内容已隐藏]"
"user-0140","18","500","","[评论内容已隐藏]"
"user-0076","135","800","","[评论内容已隐藏]"
"user-0161","200","0","comment-002682","[评论内容已隐藏]"
"user-0098","150","750","","[评论内容已隐藏]"
"user-0162","235","880","","[评论内容已隐藏]"
"user-0060","185","0","comment-ref-000007","[评论内容已隐藏]"
"user-0042","211","0","comment-001607","[评论内容已隐藏]"
"user-0065","29","0","comment-000843","[评论内容已隐藏]"
"user-0040","46","0","comment-003152","[评论内容已隐藏]"
"user-0181","71","610","","[评论内容已隐藏]"
"user-0088","104","730","","[评论内容已隐藏]"
"user-0022","55","720","","[评论内容已隐藏]"
"user-0098","40","700","","[评论内容已隐藏]"
"user-0103","35","0","comment-002069","[评论内容已隐藏]"
"user-0122","169","700","","[评论内容已隐藏]"
"user-0189","50","520","","[评论内容已隐藏]"
"user-0190","39","680","","[评论内容已隐藏]"
"user-0049","194","650","","[评论内容已隐藏]"
"user-0151","149","640","","[评论内容已隐藏]"
"user-0021","69","0","comment-000300","[评论内容已隐藏]"
"user-0044","169","800","","[评论内容已隐藏]"
"user-0063","101","800","","[评论内容已隐藏]"
"user-0021","38","790","","[评论内容已隐藏]"
"user-0026","160","350","","[评论内容已隐藏]"
"user-0112","229","780","","[评论内容已隐藏]"
"user-0040","102","570","","[评论内容已隐藏]"
"user-0063","6","0","comment-001243","[评论内容已隐藏]"
"user-0099","124","590","","[评论内容已隐藏]"
"user-0071","227","750","","[评论内容已隐藏]"
"user-0116","203","0","comment-001147","[评论内容已隐藏]"
"user-0054","122","700","","[评论内容已隐藏]"
"user-0132","10","640","","[评论内容已隐藏]"
"user-0034","134","840","","[评论内容已隐藏]"
"user-0182","199","850","","[评论内容已隐藏]"
"user-0077","215","750","","[评论内容已隐藏]"
"user-0048","241","800","","[评论内容已隐藏]"
"user-0070","181","800","","[评论内容已隐藏]"
"user-0096","100","660","","[评论内容已隐藏]"
"user-0120","41","0","comment-003064","[评论内容已隐藏]"
"user-0071","238","950","","[评论内容已隐藏]"
"user-0009","40","820","","[评论内容已隐藏]"
"user-0131","43","0","comment-002314","[评论内容已隐藏]"
"user-0038","150","680","","[评论内容已隐藏]"
"user-0079","85","0","comment-000847","[评论内容已隐藏]"
"user-0078","50","500","","[评论内容已隐藏]"
"user-0164","238","880","","[评论内容已隐藏]"
"user-0022","18","400","","[评论内容已隐藏]"
"user-0191","170","880","","[评论内容已隐藏]"
"user-0031","72","0","comment-001207","[评论内容已隐藏]"
"user-0190","46","650","","[评论内容已隐藏]"
"user-0003","54","820","","[评论内容已隐藏]"
"user-0067","64","580","","[评论内容已隐藏]"
"user-0067","56","600","","[评论内容已隐藏]"
"user-0116","69","820","","[评论内容已隐藏]"
"user-0047","127","850","","[评论内容已隐藏]"
"user-0120","19","750","","[评论内容已隐藏]"
"user-0170","57","670","","[评论内容已隐藏]"
"user-0053","199","850","","[评论内容已隐藏]"
"user-0176","74","550","","[评论内容已隐藏]"
"user-0124","149","0","comment-003070","[评论内容已隐藏]"
"user-0118","100","570","","[评论内容已隐藏]"
"user-0001","32","730","","[评论内容已隐藏]"
"user-0183","152","730","","[评论内容已隐藏]"
"user-0014","152","740","","[评论内容已隐藏]"
"user-0066","233","0","comment-002386","[评论内容已隐藏]"
"user-0192","121","710","","[评论内容已隐藏]"
"user-0104","181","800","","[评论内容已隐藏]"
"user-0026","33","640","","[评论内容已隐藏]"
"user-0181","89","640","","[评论内容已隐藏]"
"user-0193","13","750","","[评论内容已隐藏]"
"user-0107","212","660","","[评论内容已隐藏]"
"user-0073","205","860","","[评论内容已隐藏]"
"user-0087","58","590","","[评论内容已隐藏]"
"user-0045","94","710","","[评论内容已隐藏]"
"user-0194","158","0","comment-001987","[评论内容已隐藏]"
"user-0081","15","500","","[评论内容已隐藏]"
"user-0016","213","780","","[评论内容已隐藏]"
"user-0145","147","500","","[评论内容已隐藏]"
"user-0087","103","900","","[评论内容已隐藏]"
"user-0114","67","500","","[评论内容已隐藏]"
"user-0072","80","850","","[评论内容已隐藏]"
"user-0147","238","850","","[评论内容已隐藏]"
"user-0042","213","850","","[评论内容已隐藏]"
"user-0193","36","690","","[评论内容已隐藏]"
"user-0089","205","810","","[评论内容已隐藏]"
"user-0118","173","640","","[评论内容已隐藏]"
"user-0195","193","670","","[评论内容已隐藏]"
"user-0031","92","780","","[评论内容已隐藏]"
"user-0112","76","0","comment-001710","[评论内容已隐藏]"
"user-0014","74","600","","[评论内容已隐藏]"
"user-0002","21","0","comment-001425","[评论内容已隐藏]"
"user-0072","54","800","","[评论内容已隐藏]"
"user-0031","66","760","","[评论内容已隐藏]"
"user-0196","206","750","","[评论内容已隐藏]"
"user-0026","73","650","","[评论内容已隐藏]"
"user-0089","224","780","","[评论内容已隐藏]"
"user-0174","237","0","comment-002735","[评论内容已隐藏]"
"user-0044","209","0","comment-002270","[评论内容已隐藏]"
"user-0068","126","840","","[评论内容已隐藏]"
"user-0074","188","680","","[评论内容已隐藏]"
"user-0181","199","820","","[评论内容已隐藏]"
"user-0046","66","850","","[评论内容已隐藏]"
"user-0012","207","690","","[评论内容已隐藏]"
"user-0013","212","640","","[评论内容已隐藏]"
"user-0169","158","820","","[评论内容已隐藏]"
"user-0165","224","740","","[评论内容已隐藏]"
"user-0010","15","0","comment-000479","[评论内容已隐藏]"
"user-0060","197","950","","[评论内容已隐藏]"
"user-0017","77","830","","[评论内容已隐藏]"
"user-0044","80","730","","[评论内容已隐藏]"
"user-0055","174","0","comment-000056","[评论内容已隐藏]"
"user-0019","212","670","","[评论内容已隐藏]"
"user-0031","95","550","","[评论内容已隐藏]"
"user-0197","5","770","","[评论内容已隐藏]"
"user-0157","72","620","","[评论内容已隐藏]"
"user-0198","137","720","","[评论内容已隐藏]"
"user-0066","228","910","","[评论内容已隐藏]"
"user-0132","14","940","","[评论内容已隐藏]"
"user-0069","152","590","","[评论内容已隐藏]"
"user-0009","9","0","comment-002716","[评论内容已隐藏]"
"user-0183","177","810","","[评论内容已隐藏]"
"user-0196","192","0","comment-002618","[评论内容已隐藏]"
"user-0180","184","910","","[评论内容已隐藏]"
"user-0157","41","520","","[评论内容已隐藏]"
"user-0113","148","800","","[评论内容已隐藏]"
"user-0032","175","820","","[评论内容已隐藏]"
"user-0163","203","840","","[评论内容已隐藏]"
"user-0170","103","860","","[评论内容已隐藏]"
"user-0114","11","740","","[评论内容已隐藏]"
"user-0090","224","0","comment-000634","[评论内容已隐藏]"
"user-0077","190","740","","[评论内容已隐藏]"
"user-0075","103","0","comment-000482","[评论内容已隐藏]"
"user-0030","228","0","comment-002953","[评论内容已隐藏]"
"user-0084","63","710","","[评论内容已隐藏]"
"user-0077","186","900","","[评论内容已隐藏]"
"user-0111","202","720","","[评论内容已隐藏]"
"user-0045","48","590","","[评论内容已隐藏]"
"user-0199","155","620","","[评论内容已隐藏]"
"user-0200","120","790","","[评论内容已隐藏]"
"user-0064","95","700","","[评论内容已隐藏]"
"user-0192","32","700","","[评论内容已隐藏]"
"user-0061","34","650","","[评论内容已隐藏]"
"user-0201","229","750","","[评论内容已隐藏]"
"user-0027","66","0","comment-002909","[评论内容已隐藏]"
"user-0063","6","0","comment-ref-000008","[评论内容已隐藏]"
"user-0058","232","640","","[评论内容已隐藏]"
"user-0127","123","0","comment-001085","[评论内容已隐藏]"
"user-0037","173","860","","[评论内容已隐藏]"
"user-0079","131","930","","[评论内容已隐藏]"
"user-0162","224","800","","[评论内容已隐藏]"
"user-0202","230","850","","[评论内容已隐藏]"
"user-0040","46","0","comment-000741","[评论内容已隐藏]"
"user-0010","35","0","comment-002187","[评论内容已隐藏]"
"user-0203","18","0","comment-ref-000001","[评论内容已隐藏]"
"user-0015","106","0","comment-ref-000009","[评论内容已隐藏]"
"user-0072","173","850","","[评论内容已隐藏]"
"user-0040","127","0","comment-ref-000010","[评论内容已隐藏]"
"user-0160","232","590","","[评论内容已隐藏]"
"user-0097","168","630","","[评论内容已隐藏]"
"user-0186","183","800","","[评论内容已隐藏]"
"user-0072","101","760","","[评论内容已隐藏]"
"user-0013","79","690","","[评论内容已隐藏]"
"user-0154","22","900","","[评论内容已隐藏]"
"user-0132","9","690","","[评论内容已隐藏]"
"user-0182","200","800","","[评论内容已隐藏]"
"user-0139","51","600","","[评论内容已隐藏]"
"user-0005","189","0","comment-000876","[评论内容已隐藏]"
"user-0175","8","710","","[评论内容已隐藏]"
"user-0005","189","0","comment-001759","[评论内容已隐藏]"
"user-0019","217","720","","[评论内容已隐藏]"
"user-0027","17","870","","[评论内容已隐藏]"
"user-0168","124","660","","[评论内容已隐藏]"
"user-0171","82","750","","[评论内容已隐藏]"
"user-0059","163","0","comment-001706","[评论内容已隐藏]"
"user-0081","144","620","","[评论内容已隐藏]"
"user-0088","171","680","","[评论内容已隐藏]"
"user-0028","50","790","","[评论内容已隐藏]"
"user-0049","181","700","","[评论内容已隐藏]"
"user-0161","200","0","comment-001999","[评论内容已隐藏]"
"user-0204","191","790","","[评论内容已隐藏]"
"user-0053","199","0","comment-ref-000011","[评论内容已隐藏]"
"user-0070","177","550","","[评论内容已隐藏]"
"user-0105","125","700","","[评论内容已隐藏]"
"user-0082","40","0","comment-001353","[评论内容已隐藏]"
"user-0205","162","840","","[评论内容已隐藏]"
"user-0156","104","750","","[评论内容已隐藏]"
"user-0043","178","0","comment-000907","[评论内容已隐藏]"
"user-0091","6","720","","[评论内容已隐藏]"
"user-0028","28","0","comment-001172","[评论内容已隐藏]"
"user-0138","99","0","comment-001840","[评论内容已隐藏]"
"user-0204","178","880","","[评论内容已隐藏]"
"user-0041","126","710","","[评论内容已隐藏]"
"user-0118","9","880","","[评论内容已隐藏]"
"user-0184","27","0","comment-000960","[评论内容已隐藏]"
"user-0086","109","680","","[评论内容已隐藏]"
"user-0147","226","0","comment-002937","[评论内容已隐藏]"
"user-0206","17","770","","[评论内容已隐藏]"
"user-0047","190","820","","[评论内容已隐藏]"
"user-0188","82","600","","[评论内容已隐藏]"
"user-0059","77","740","","[评论内容已隐藏]"
"user-0114","51","700","","[评论内容已隐藏]"
"user-0059","163","0","comment-002461","[评论内容已隐藏]"
"user-0052","126","750","","[评论内容已隐藏]"
"user-0195","217","740","","[评论内容已隐藏]"
"user-0089","129","810","","[评论内容已隐藏]"
"user-0181","121","710","","[评论内容已隐藏]"
"user-0116","197","830","","[评论内容已隐藏]"
"user-0084","81","690","","[评论内容已隐藏]"
"user-0011","25","0","comment-001793","[评论内容已隐藏]"
"user-0109","49","550","","[评论内容已隐藏]"
"user-0058","147","580","","[评论内容已隐藏]"
"user-0121","239","680","","[评论内容已隐藏]"
"user-0044","168","0","comment-000562","[评论内容已隐藏]"
"user-0112","76","0","comment-002567","[评论内容已隐藏]"
"user-0003","43","600","","[评论内容已隐藏]"
"user-0065","29","0","comment-001149","[评论内容已隐藏]"
"user-0024","135","550","","[评论内容已隐藏]"
"user-0087","41","710","","[评论内容已隐藏]"
"user-0052","221","840","","[评论内容已隐藏]"
"user-0079","166","800","","[评论内容已隐藏]"
"user-0105","131","860","","[评论内容已隐藏]"
"user-0026","17","850","","[评论内容已隐藏]"
"user-0013","18","0","comment-002783","[评论内容已隐藏]"
"user-0095","230","730","","[评论内容已隐藏]"
"user-0151","25","0","comment-002662","[评论内容已隐藏]"
"user-0080","120","0","comment-003074","[评论内容已隐藏]"
"user-0176","61","0","comment-000180","[评论内容已隐藏]"
"user-0032","133","530","","[评论内容已隐藏]"
"user-0065","127","800","","[评论内容已隐藏]"
"user-0072","70","0","comment-001779","[评论内容已隐藏]"
"user-0090","224","740","","[评论内容已隐藏]"
"user-0201","204","800","","[评论内容已隐藏]"
"user-0067","68","690","","[评论内容已隐藏]"
"user-0019","224","0","comment-000509","[评论内容已隐藏]"
"user-0058","64","660","","[评论内容已隐藏]"
"user-0045","70","750","","[评论内容已隐藏]"
"user-0013","34","760","","[评论内容已隐藏]"
"user-0060","195","890","","[评论内容已隐藏]"
"user-0207","161","740","","[评论内容已隐藏]"
"user-0065","97","870","","[评论内容已隐藏]"
"user-0134","140","700","","[评论内容已隐藏]"
"user-0208","75","0","comment-000399","[评论内容已隐藏]"
"user-0010","43","690","","[评论内容已隐藏]"
"user-0048","229","0","comment-001856","[评论内容已隐藏]"
"user-0161","36","700","","[评论内容已隐藏]"
"user-0169","217","780","","[评论内容已隐藏]"
"user-0053","2","540","","[评论内容已隐藏]"
"user-0081","152","300","","[评论内容已隐藏]"
"user-0094","196","870","","[评论内容已隐藏]"
"user-0052","185","950","","[评论内容已隐藏]"
"user-0190","33","660","","[评论内容已隐藏]"
"user-0177","184","0","comment-ref-000012","[评论内容已隐藏]"
"user-0074","175","0","comment-000397","[评论内容已隐藏]"
"user-0112","214","450","","[评论内容已隐藏]"
"user-0094","184","880","","[评论内容已隐藏]"
"user-0171","234","650","","[评论内容已隐藏]"
"user-0196","195","850","","[评论内容已隐藏]"
"user-0044","157","700","","[评论内容已隐藏]"
"user-0068","134","820","","[评论内容已隐藏]"
"user-0052","205","820","","[评论内容已隐藏]"
"user-0094","189","740","","[评论内容已隐藏]"
"user-0091","3","0","comment-000351","[评论内容已隐藏]"
"user-0069","180","550","","[评论内容已隐藏]"
"user-0102","16","0","comment-000874","[评论内容已隐藏]"
"user-0059","163","0","comment-000990","[评论内容已隐藏]"
"user-0209","49","630","","[评论内容已隐藏]"
"user-0009","9","0","comment-000596","[评论内容已隐藏]"
"user-0009","122","650","","[评论内容已隐藏]"
"user-0039","235","780","","[评论内容已隐藏]"
"user-0094","199","0","comment-000437","[评论内容已隐藏]"
"user-0027","96","700","","[评论内容已隐藏]"
"user-0116","207","680","","[评论内容已隐藏]"
"user-0149","107","540","","[评论内容已隐藏]"
"user-0104","146","450","","[评论内容已隐藏]"
"user-0019","221","850","","[评论内容已隐藏]"
"user-0019","224","0","comment-000318","[评论内容已隐藏]"
"user-0116","131","770","","[评论内容已隐藏]"
"user-0021","127","850","","[评论内容已隐藏]"
"user-0176","83","700","","[评论内容已隐藏]"
"user-0028","28","0","comment-002520","[评论内容已隐藏]"
"user-0018","68","600","","[评论内容已隐藏]"
"user-0072","53","620","","[评论内容已隐藏]"
"user-0053","190","100","","[评论内容已隐藏]"
"user-0167","135","1000","","[评论内容已隐藏]"
"user-0127","123","0","comment-002614","[评论内容已隐藏]"
"user-0091","92","660","","[评论内容已隐藏]"
"user-0129","196","0","comment-ref-000013","[评论内容已隐藏]"
"user-0164","222","0","comment-001259","[评论内容已隐藏]"
"user-0090","238","870","","[评论内容已隐藏]"
"user-0178","195","930","","[评论内容已隐藏]"
"user-0031","105","550","","[评论内容已隐藏]"
"user-0088","50","590","","[评论内容已隐藏]"
"user-0038","136","760","","[评论内容已隐藏]"
"user-0151","25","0","comment-000334","[评论内容已隐藏]"
"user-0149","138","640","","[评论内容已隐藏]"
"user-0013","102","670","","[评论内容已隐藏]"
"user-0137","231","670","","[评论内容已隐藏]"
"user-0210","6","700","","[评论内容已隐藏]"
"user-0086","161","740","","[评论内容已隐藏]"
"user-0072","70","0","comment-000639","[评论内容已隐藏]"
"user-0188","133","530","","[评论内容已隐藏]"
"user-0088","73","660","","[评论内容已隐藏]"
"user-0150","157","770","","[评论内容已隐藏]"
"user-0211","13","590","","[评论内容已隐藏]"
"user-0051","187","600","","[评论内容已隐藏]"
"user-0004","16","740","","[评论内容已隐藏]"
"user-0059","163","0","comment-000870","[评论内容已隐藏]"
"user-0186","17","800","","[评论内容已隐藏]"
"user-0196","176","680","","[评论内容已隐藏]"
"user-0018","54","0","comment-001286","[评论内容已隐藏]"
"user-0185","11","700","","[评论内容已隐藏]"
"user-0194","180","500","","[评论内容已隐藏]"
"user-0026","62","660","","[评论内容已隐藏]"
"user-0126","14","780","","[评论内容已隐藏]"
"user-0126","216","720","","[评论内容已隐藏]"
"user-0040","46","0","comment-ref-000014","[评论内容已隐藏]"
"user-0090","75","600","","[评论内容已隐藏]"
"user-0018","54","0","comment-000495","[评论内容已隐藏]"
"user-0022","122","750","","[评论内容已隐藏]"
"user-0138","95","730","","[评论内容已隐藏]"
"user-0120","61","710","","[评论内容已隐藏]"
"user-0165","213","0","comment-002982","[评论内容已隐藏]"
"user-0026","112","650","","[评论内容已隐藏]"
"user-0212","157","670","","[评论内容已隐藏]"
"user-0077","164","450","","[评论内容已隐藏]"
"user-0045","110","620","","[评论内容已隐藏]"
"user-0018","14","950","","[评论内容已隐藏]"
"user-0014","79","660","","[评论内容已隐藏]"
"user-0103","52","680","","[评论内容已隐藏]"
"user-0052","197","0","comment-ref-000015","[评论内容已隐藏]"
"user-0120","58","550","","[评论内容已隐藏]"
"user-0194","19","0","comment-002853","[评论内容已隐藏]"
"user-0090","198","700","","[评论内容已隐藏]"
"user-0044","168","0","comment-002019","[评论内容已隐藏]"
"user-0132","117","0","comment-001815","[评论内容已隐藏]"
"user-0213","86","620","","[评论内容已隐藏]"
"user-0214","37","800","","[评论内容已隐藏]"
"user-0087","46","700","","[评论内容已隐藏]"
"user-0116","154","640","","[评论内容已隐藏]"
"user-0193","117","800","","[评论内容已隐藏]"
"user-0215","219","620","","[评论内容已隐藏]"
"user-0204","192","750","","[评论内容已隐藏]"
"user-0026","151","670","","[评论内容已隐藏]"
"user-0015","23","0","comment-003079","[评论内容已隐藏]"
"user-0134","47","450","","[评论内容已隐藏]"
"user-0150","39","700","","[评论内容已隐藏]"
"user-0022","126","800","","[评论内容已隐藏]"
"user-0009","9","0","comment-001634","[评论内容已隐藏]"
"user-0210","73","730","","[评论内容已隐藏]"
"user-0172","164","600","","[评论内容已隐藏]"
"user-0084","116","950","","[评论内容已隐藏]"
"user-0149","152","500","","[评论内容已隐藏]"
"user-0197","58","550","","[评论内容已隐藏]"
"user-0009","232","520","","[评论内容已隐藏]"
"user-0183","112","470","","[评论内容已隐藏]"
"user-0019","224","0","comment-000634","[评论内容已隐藏]"
"user-0154","41","670","","[评论内容已隐藏]"
"user-0112","37","780","","[评论内容已隐藏]"
"user-0058","147","0","comment-000614","[评论内容已隐藏]"
"user-0055","206","800","","[评论内容已隐藏]"
"user-0213","105","640","","[评论内容已隐藏]"
"user-0171","93","0","comment-002347","[评论内容已隐藏]"
"user-0192","186","740","","[评论内容已隐藏]"
"user-0190","11","640","","[评论内容已隐藏]"
"user-0160","19","820","","[评论内容已隐藏]"
"user-0081","37","830","","[评论内容已隐藏]"
"user-0216","182","770","","[评论内容已隐藏]"
"user-0084","22","610","","[评论内容已隐藏]"
"user-0095","126","900","","[评论内容已隐藏]"
"user-0155","192","700","","[评论内容已隐藏]"
"user-0067","82","660","","[评论内容已隐藏]"
"user-0068","109","720","","[评论内容已隐藏]"
"user-0151","61","880","","[评论内容已隐藏]"
"user-0021","225","740","","[评论内容已隐藏]"
"user-0089","100","730","","[评论内容已隐藏]"
"user-0026","124","670","","[评论内容已隐藏]"
"user-0142","190","730","","[评论内容已隐藏]"
"user-0217","81","0","comment-000022","[评论内容已隐藏]"
"user-0084","69","820","","[评论内容已隐藏]"
"user-0186","190","750","","[评论内容已隐藏]"
"user-0014","172","680","","[评论内容已隐藏]"
"user-0058","107","900","","[评论内容已隐藏]"
"user-0154","41","0","comment-000021","[评论内容已隐藏]"
"user-0117","230","750","","[评论内容已隐藏]"
"user-0034","165","700","","[评论内容已隐藏]"
"user-0198","170","810","","[评论内容已隐藏]"
"user-0040","46","0","comment-000453","[评论内容已隐藏]"
"user-0159","224","800","","[评论内容已隐藏]"
"user-0067","56","0","comment-002358","[评论内容已隐藏]"
"user-0183","128","670","","[评论内容已隐藏]"
"user-0116","170","950","","[评论内容已隐藏]"
"user-0081","87","0","comment-003150","[评论内容已隐藏]"
"user-0082","78","860","","[评论内容已隐藏]"
"user-0194","178","0","comment-001308","[评论内容已隐藏]"
"user-0161","16","0","comment-002051","[评论内容已隐藏]"
"user-0213","130","0","comment-001327","[评论内容已隐藏]"
"user-0084","87","890","","[评论内容已隐藏]"
"user-0126","207","750","","[评论内容已隐藏]"
"user-0037","228","960","","[评论内容已隐藏]"
"user-0096","57","0","comment-000336","[评论内容已隐藏]"
"user-0092","185","0","comment-ref-000016","[评论内容已隐藏]"
"user-0009","9","0","comment-000085","[评论内容已隐藏]"
"user-0143","235","750","","[评论内容已隐藏]"
"user-0021","235","750","","[评论内容已隐藏]"
"user-0082","5","720","","[评论内容已隐藏]"
"user-0053","42","750","","[评论内容已隐藏]"
"user-0190","109","830","","[评论内容已隐藏]"
"user-0170","32","0","comment-002083","[评论内容已隐藏]"
"user-0163","220","0","comment-003038","[评论内容已隐藏]"
"user-0053","190","100","","[评论内容已隐藏]"
"user-0176","61","0","comment-002209","[评论内容已隐藏]"
"user-0174","174","820","","[评论内容已隐藏]"
"user-0127","236","670","","[评论内容已隐藏]"
"user-0132","29","670","","[评论内容已隐藏]"
"user-0131","43","0","comment-000048","[评论内容已隐藏]"
"user-0016","226","740","","[评论内容已隐藏]"
"user-0132","2","600","","[评论内容已隐藏]"
"user-0163","129","700","","[评论内容已隐藏]"
"user-0016","241","0","comment-000439","[评论内容已隐藏]"
"user-0065","45","710","","[评论内容已隐藏]"
"user-0082","19","900","","[评论内容已隐藏]"
"user-0148","12","760","","[评论内容已隐藏]"
"user-0055","82","650","","[评论内容已隐藏]"
"user-0218","16","650","","[评论内容已隐藏]"
"user-0009","9","0","comment-000085","[评论内容已隐藏]"
"user-0037","206","0","comment-000055","[评论内容已隐藏]"
"user-0012","205","820","","[评论内容已隐藏]"
"user-0021","123","870","","[评论内容已隐藏]"
"user-0001","201","760","","[评论内容已隐藏]"
"user-0140","127","900","","[评论内容已隐藏]"
"user-0104","84","750","","[评论内容已隐藏]"
"user-0037","206","0","comment-002189","[评论内容已隐藏]"
"user-0026","103","0","comment-001288","[评论内容已隐藏]"
"user-0055","174","0","comment-002689","[评论内容已隐藏]"
"user-0096","91","670","","[评论内容已隐藏]"
"user-0007","211","790","","[评论内容已隐藏]"
"user-0127","123","0","comment-000997","[评论内容已隐藏]"
"user-0044","170","850","","[评论内容已隐藏]"
"user-0131","21","600","","[评论内容已隐藏]"
"user-0131","29","730","","[评论内容已隐藏]"
"user-0013","204","730","","[评论内容已隐藏]"
"user-0013","93","730","","[评论内容已隐藏]"
"user-0026","110","700","","[评论内容已隐藏]"
"user-0068","85","690","","[评论内容已隐藏]"
"user-0031","48","550","","[评论内容已隐藏]"
"user-0192","227","750","","[评论内容已隐藏]"
"user-0177","228","850","","[评论内容已隐藏]"
"user-0072","146","440","","[评论内容已隐藏]"
"user-0099","71","600","","[评论内容已隐藏]"
"user-0076","80","1000","","[评论内容已隐藏]"
"user-0001","144","750","","[评论内容已隐藏]"
"user-0152","26","820","","[评论内容已隐藏]"
"user-0047","129","650","","[评论内容已隐藏]"
"user-0185","91","750","","[评论内容已隐藏]"
"user-0053","131","710","","[评论内容已隐藏]"
"user-0068","29","700","","[评论内容已隐藏]"
"user-0021","69","0","comment-002674","[评论内容已隐藏]"
"user-0101","120","640","","[评论内容已隐藏]"
"user-0080","120","630","","[评论内容已隐藏]"
"user-0180","236","0","comment-000816","[评论内容已隐藏]"
"user-0153","26","680","","[评论内容已隐藏]"
"user-0178","138","710","","[评论内容已隐藏]"
"user-0160","121","770","","[评论内容已隐藏]"
"user-0075","94","750","","[评论内容已隐藏]"
"user-0013","3","690","","[评论内容已隐藏]"
"user-0053","176","0","comment-001824","[评论内容已隐藏]"
"user-0044","163","700","","[评论内容已隐藏]"
"user-0198","138","680","","[评论内容已隐藏]"
"user-0041","16","630","","[评论内容已隐藏]"
"user-0189","99","470","","[评论内容已隐藏]"
"user-0117","16","790","","[评论内容已隐藏]"
"user-0055","92","700","","[评论内容已隐藏]"
"user-0057","189","750","","[评论内容已隐藏]"
"user-0208","36","650","","[评论内容已隐藏]"
"user-0044","233","800","","[评论内容已隐藏]"
"user-0019","191","700","","[评论内容已隐藏]"
"user-0046","184","800","","[评论内容已隐藏]"
"user-0033","66","720","","[评论内容已隐藏]"
"user-0217","236","950","","[评论内容已隐藏]"
"user-0215","211","0","comment-001607","[评论内容已隐藏]"
"user-0079","176","730","","[评论内容已隐藏]"
"user-0004","197","740","","[评论内容已隐藏]"
"user-0137","169","600","","[评论内容已隐藏]"
"user-0110","44","590","","[评论内容已隐藏]"
"user-0057","148","700","","[评论内容已隐藏]"
"user-0017","46","680","","[评论内容已隐藏]"
"user-0208","19","800","","[评论内容已隐藏]"
"user-0063","52","670","","[评论内容已隐藏]"
"user-0131","105","640","","[评论内容已隐藏]"
"user-0132","57","780","","[评论内容已隐藏]"
"user-0168","115","700","","[评论内容已隐藏]"
"user-0039","219","660","","[评论内容已隐藏]"
"user-0022","157","850","","[评论内容已隐藏]"
"user-0213","77","630","","[评论内容已隐藏]"
"user-0069","183","820","","[评论内容已隐藏]"
"user-0152","78","830","","[评论内容已隐藏]"
"user-0150","122","820","","[评论内容已隐藏]"
"user-0082","40","0","comment-001064","[评论内容已隐藏]"
"user-0010","50","700","","[评论内容已隐藏]"
"user-0055","164","600","","[评论内容已隐藏]"
"user-0145","92","710","","[评论内容已隐藏]"
"user-0195","241","850","","[评论内容已隐藏]"
"user-0057","237","750","","[评论内容已隐藏]"
"user-0177","178","600","","[评论内容已隐藏]"
"user-0218","45","100","","[评论内容已隐藏]"
"user-0101","105","730","","[评论内容已隐藏]"
"user-0017","52","0","comment-003179","[评论内容已隐藏]"
"user-0037","206","0","comment-001560","[评论内容已隐藏]"
"user-0097","46","640","","[评论内容已隐藏]"
"user-0043","162","850","","[评论内容已隐藏]"
"user-0154","61","750","","[评论内容已隐藏]"
"user-0183","138","650","","[评论内容已隐藏]"
"user-0061","51","540","","[评论内容已隐藏]"
"user-0147","226","0","comment-002937","[评论内容已隐藏]"
"user-0186","61","670","","[评论内容已隐藏]"
"user-0026","79","650","","[评论内容已隐藏]"
"user-0051","218","870","","[评论内容已隐藏]"
"user-0107","188","950","","[评论内容已隐藏]"
"user-0096","57","0","comment-002034","[评论内容已隐藏]"
"user-0072","147","400","","[评论内容已隐藏]"
"user-0038","201","730","","[评论内容已隐藏]"
"user-0069","109","750","","[评论内容已隐藏]"
"user-0002","119","650","","[评论内容已隐藏]"
"user-0171","232","680","","[评论内容已隐藏]"
"user-0095","118","670","","[评论内容已隐藏]"
"user-0142","172","0","comment-001189","[评论内容已隐藏]"
"user-0169","205","850","","[评论内容已隐藏]"
"user-0154","39","850","","[评论内容已隐藏]"
"user-0094","228","810","","[评论内容已隐藏]"
"user-0042","78","800","","[评论内容已隐藏]"
"user-0186","206","800","","[评论内容已隐藏]"
"user-0009","39","650","","[评论内容已隐藏]"
"user-0127","169","700","","[评论内容已隐藏]"
"user-0053","237","920","","[评论内容已隐藏]"
"user-0059","172","740","","[评论内容已隐藏]"
"user-0053","190","100","","[评论内容已隐藏]"
"user-0083","26","700","","[评论内容已隐藏]"
"user-0072","70","0","comment-001032","[评论内容已隐藏]"
"user-0003","30","0","comment-002149","[评论内容已隐藏]"
"user-0072","108","500","","[评论内容已隐藏]"
"user-0144","112","450","","[评论内容已隐藏]"
"user-0093","236","760","","[评论内容已隐藏]"
"user-0028","28","0","comment-002639","[评论内容已隐藏]"
"user-0132","97","600","","[评论内容已隐藏]"
"user-0047","181","1000","","[评论内容已隐藏]"
"user-0014","122","620","","[评论内容已隐藏]"
"user-0036","155","710","","[评论内容已隐藏]"
"user-0174","231","890","","[评论内容已隐藏]"
"user-0050","202","0","comment-003101","[评论内容已隐藏]"
"user-0084","183","800","","[评论内容已隐藏]"
"user-0195","178","740","","[评论内容已隐藏]"
"user-0174","77","590","","[评论内容已隐藏]"
"user-0060","180","730","","[评论内容已隐藏]"
"user-0219","43","900","","[评论内容已隐藏]"
"user-0028","5","700","","[评论内容已隐藏]"
"user-0220","88","700","","[评论内容已隐藏]"
"user-0113","27","830","","[评论内容已隐藏]"
"user-0137","166","0","comment-001034","[评论内容已隐藏]"
"user-0138","58","570","","[评论内容已隐藏]"
"user-0053","34","700","","[评论内容已隐藏]"
"user-0168","55","590","","[评论内容已隐藏]"
"user-0180","22","550","","[评论内容已隐藏]"
"user-0114","99","680","","[评论内容已隐藏]"
"user-0164","190","780","","[评论内容已隐藏]"
"user-0118","153","530","","[评论内容已隐藏]"
"user-0019","220","0","comment-003038","[评论内容已隐藏]"
"user-0001","233","750","","[评论内容已隐藏]"
"user-0132","119","790","","[评论内容已隐藏]"
"user-0132","76","720","","[评论内容已隐藏]"
"user-0118","151","400","","[评论内容已隐藏]"
"user-0063","38","730","","[评论内容已隐藏]"
"user-0060","190","850","","[评论内容已隐藏]"
"user-0040","66","0","comment-001031","[评论内容已隐藏]"
"user-0095","81","820","","[评论内容已隐藏]"
"user-0116","209","0","comment-002270","[评论内容已隐藏]"
"user-0189","102","480","","[评论内容已隐藏]"
"user-0178","125","550","","[评论内容已隐藏]"
"user-0209","144","630","","[评论内容已隐藏]"
"user-0077","159","670","","[评论内容已隐藏]"
"user-0100","158","0","comment-002201","[评论内容已隐藏]"
"user-0184","96","740","","[评论内容已隐藏]"
"user-0134","138","720","","[评论内容已隐藏]"
"user-0091","51","560","","[评论内容已隐藏]"
"user-0030","129","700","","[评论内容已隐藏]"
"user-0059","170","750","","[评论内容已隐藏]"
"user-0003","38","670","","[评论内容已隐藏]"
"user-0118","163","800","","[评论内容已隐藏]"
"user-0066","201","700","","[评论内容已隐藏]"
"user-0171","93","0","comment-001117","[评论内容已隐藏]"
"user-0179","55","0","comment-003066","[评论内容已隐藏]"
"user-0174","100","800","","[评论内容已隐藏]"
"user-0183","119","720","","[评论内容已隐藏]"
"user-0054","106","730","","[评论内容已隐藏]"
"user-0140","123","780","","[评论内容已隐藏]"
"user-0151","154","820","","[评论内容已隐藏]"
"user-0136","32","750","","[评论内容已隐藏]"
"user-0004","5","0","comment-001051","[评论内容已隐藏]"
"user-0114","80","700","","[评论内容已隐藏]"
"user-0159","218","650","","[评论内容已隐藏]"
"user-0204","179","740","","[评论内容已隐藏]"
"user-0106","39","790","","[评论内容已隐藏]"
"user-0106","47","660","","[评论内容已隐藏]"
"user-0194","145","0","comment-002643","[评论内容已隐藏]"
"user-0163","29","740","","[评论内容已隐藏]"
"user-0032","164","700","","[评论内容已隐藏]"
"user-0111","216","830","","[评论内容已隐藏]"
"user-0181","231","890","","[评论内容已隐藏]"
"user-0050","205","830","","[评论内容已隐藏]"
"user-0011","231","750","","[评论内容已隐藏]"
"user-0176","22","720","","[评论内容已隐藏]"
"user-0180","216","640","","[评论内容已隐藏]"
"user-0116","167","760","","[评论内容已隐藏]"
"user-0137","191","800","","[评论内容已隐藏]"
"user-0078","140","400","","[评论内容已隐藏]"
"user-0193","145","600","","[评论内容已隐藏]"
"user-0184","77","780","","[评论内容已隐藏]"
"user-0174","76","860","","[评论内容已隐藏]"
"user-0096","225","700","","[评论内容已隐藏]"
"user-0026","102","750","","[评论内容已隐藏]"
"user-0218","45","0","comment-002253","[评论内容已隐藏]"
"user-0160","39","680","","[评论内容已隐藏]"
"user-0041","54","780","","[评论内容已隐藏]"
"user-0026","142","590","","[评论内容已隐藏]"
"user-0173","105","620","","[评论内容已隐藏]"
"user-0037","208","420","","[评论内容已隐藏]"
"user-0072","59","400","","[评论内容已隐藏]"
"user-0167","229","850","","[评论内容已隐藏]"
"user-0040","66","770","","[评论内容已隐藏]"
"user-0013","70","760","","[评论内容已隐藏]"
"user-0105","87","670","","[评论内容已隐藏]"
"user-0007","166","750","","[评论内容已隐藏]"
"user-0083","32","800","","[评论内容已隐藏]"
"user-0111","238","880","","[评论内容已隐藏]"
"user-0087","46","0","comment-000741","[评论内容已隐藏]"
"user-0111","92","690","","[评论内容已隐藏]"
"user-0022","2","400","","[评论内容已隐藏]"
"user-0118","8","670","","[评论内容已隐藏]"
"user-0013","152","640","","[评论内容已隐藏]"
"user-0118","137","550","","[评论内容已隐藏]"
"user-0220","80","450","","[评论内容已隐藏]"
"user-0093","188","730","","[评论内容已隐藏]"
"user-0116","183","0","comment-002370","[评论内容已隐藏]"
"user-0066","231","740","","[评论内容已隐藏]"
"user-0023","189","900","","[评论内容已隐藏]"
"user-0004","5","0","comment-002246","[评论内容已隐藏]"
"user-0013","176","0","comment-001691","[评论内容已隐藏]"
"user-0026","1","650","","[评论内容已隐藏]"
"user-0208","5","690","","[评论内容已隐藏]"
"user-0216","233","680","","[评论内容已隐藏]"
"user-0078","173","700","","[评论内容已隐藏]"
"user-0120","28","640","","[评论内容已隐藏]"
"user-0032","134","840","","[评论内容已隐藏]"
"user-0188","147","500","","[评论内容已隐藏]"
"user-0024","172","750","","[评论内容已隐藏]"
"user-0103","35","0","comment-002004","[评论内容已隐藏]"
"user-0052","191","660","","[评论内容已隐藏]"
"user-0154","79","650","","[评论内容已隐藏]"
"user-0065","29","0","comment-ref-000017","[评论内容已隐藏]"
"user-0053","6","680","","[评论内容已隐藏]"
"user-0159","242","690","","[评论内容已隐藏]"
"user-0220","40","760","","[评论内容已隐藏]"
"user-0186","198","740","","[评论内容已隐藏]"
"user-0125","170","850","","[评论内容已隐藏]"
"user-0060","169","680","","[评论内容已隐藏]"
"user-0093","235","740","","[评论内容已隐藏]"
"user-0011","230","590","","[评论内容已隐藏]"
"user-0130","26","0","comment-002645","[评论内容已隐藏]"
"user-0162","217","650","","[评论内容已隐藏]"
"user-0084","60","630","","[评论内容已隐藏]"
"user-0096","127","790","","[评论内容已隐藏]"
"user-0221","148","740","","[评论内容已隐藏]"
"user-0161","98","850","","[评论内容已隐藏]"
"user-0053","190","100","","[评论内容已隐藏]"
"user-0111","154","740","","[评论内容已隐藏]"
"user-0084","233","740","","[评论内容已隐藏]"
"user-0147","200","680","","[评论内容已隐藏]"
"user-0059","163","0","comment-001503","[评论内容已隐藏]"
"user-0167","89","800","","[评论内容已隐藏]"
"user-0038","223","610","","[评论内容已隐藏]"
"user-0022","131","0","comment-000858","[评论内容已隐藏]"
"user-0004","34","650","","[评论内容已隐藏]"
"user-0099","123","860","","[评论内容已隐藏]"
"user-0222","97","0","comment-001891","[评论内容已隐藏]"
"user-0093","183","0","comment-ref-000018","[评论内容已隐藏]"
"user-0163","131","850","","[评论内容已隐藏]"
"user-0087","106","880","","[评论内容已隐藏]"
"user-0105","149","850","","[评论内容已隐藏]"
"user-0072","91","700","","[评论内容已隐藏]"
"user-0190","107","690","","[评论内容已隐藏]"
"user-0165","207","730","","[评论内容已隐藏]"
"user-0118","194","480","","[评论内容已隐藏]"
"user-0133","237","740","","[评论内容已隐藏]"
"user-0034","240","750","","[评论内容已隐藏]"
"user-0087","50","0","comment-001518","[评论内容已隐藏]"
"user-0189","117","650","","[评论内容已隐藏]"
"user-0132","117","800","","[评论内容已隐藏]"
"user-0041","59","550","","[评论内容已隐藏]"
"user-0030","116","900","","[评论内容已隐藏]"
"user-0025","143","720","","[评论内容已隐藏]"
"user-0065","29","0","comment-000859","[评论内容已隐藏]"
"user-0017","88","620","","[评论内容已隐藏]"
"user-0170","106","600","","[评论内容已隐藏]"
"user-0172","170","940","","[评论内容已隐藏]"
"user-0147","207","700","","[评论内容已隐藏]"
"user-0091","169","690","","[评论内容已隐藏]"
"user-0189","115","800","","[评论内容已隐藏]"
"user-0184","24","830","","[评论内容已隐藏]"
"user-0152","96","680","","[评论内容已隐藏]"
"user-0064","96","680","","[评论内容已隐藏]"
"user-0198","136","840","","[评论内容已隐藏]"
"user-0118","237","0","comment-003026","[评论内容已隐藏]"
"user-0145","181","720","","[评论内容已隐藏]"
"user-0200","144","600","","[评论内容已隐藏]"
"user-0153","93","630","","[评论内容已隐藏]"
"user-0112","85","850","","[评论内容已隐藏]"
"user-0118","169","0","comment-000936","[评论内容已隐藏]"
"user-0118","169","0","comment-000353","[评论内容已隐藏]"
"user-0082","40","0","comment-003228","[评论内容已隐藏]"
"user-0184","27","0","comment-000327","[评论内容已隐藏]"
"user-0079","171","600","","[评论内容已隐藏]"
"user-0012","241","740","","[评论内容已隐藏]"
"user-0063","6","0","comment-001641","[评论内容已隐藏]"
"user-0209","160","250","","[评论内容已隐藏]"
"user-0039","237","800","","[评论内容已隐藏]"
"user-0126","175","790","","[评论内容已隐藏]"
"user-0082","6","720","","[评论内容已隐藏]"
"user-0016","54","710","","[评论内容已隐藏]"
"user-0151","25","0","comment-003013","[评论内容已隐藏]"
"user-0026","157","0","comment-001245","[评论内容已隐藏]"
"user-0106","51","850","","[评论内容已隐藏]"
"user-0052","197","0","comment-000885","[评论内容已隐藏]"
"user-0168","132","860","","[评论内容已隐藏]"
"user-0009","9","0","comment-000085","[评论内容已隐藏]"
"user-0053","101","770","","[评论内容已隐藏]"
"user-0148","223","580","","[评论内容已隐藏]"
"user-0036","32","0","comment-002083","[评论内容已隐藏]"
"user-0030","228","0","comment-ref-000019","[评论内容已隐藏]"
"user-0042","207","0","comment-000506","[评论内容已隐藏]"
"user-0054","123","790","","[评论内容已隐藏]"
"user-0068","74","630","","[评论内容已隐藏]"
"user-0129","54","860","","[评论内容已隐藏]"
"user-0202","162","890","","[评论内容已隐藏]"
"user-0026","52","660","","[评论内容已隐藏]"
"user-0196","203","710","","[评论内容已隐藏]"
"user-0084","59","460","","[评论内容已隐藏]"
"user-0145","29","720","","[评论内容已隐藏]"
"user-0061","69","820","","[评论内容已隐藏]"
"user-0072","45","250","","[评论内容已隐藏]"
"user-0090","238","0","comment-ref-000020","[评论内容已隐藏]"
"user-0147","226","0","comment-002080","[评论内容已隐藏]"
"user-0182","150","740","","[评论内容已隐藏]"
"user-0216","233","0","comment-001052","[评论内容已隐藏]"
"user-0008","205","860","","[评论内容已隐藏]"
"user-0018","61","700","","[评论内容已隐藏]"
"user-0006","180","790","","[评论内容已隐藏]"
"user-0007","204","740","","[评论内容已隐藏]"
"user-0217","197","890","","[评论内容已隐藏]"
"user-0126","241","870","","[评论内容已隐藏]"
"user-0088","151","630","","[评论内容已隐藏]"
"user-0127","186","740","","[评论内容已隐藏]"
"user-0173","63","0","comment-ref-000021","[评论内容已隐藏]"
"user-0135","63","670","","[评论内容已隐藏]"
"user-0223","237","750","","[评论内容已隐藏]"
"user-0037","222","800","","[评论内容已隐藏]"
"user-0174","174","0","comment-000815","[评论内容已隐藏]"
"user-0012","234","550","","[评论内容已隐藏]"
"user-0027","95","700","","[评论内容已隐藏]"
"user-0185","36","800","","[评论内容已隐藏]"
"user-0122","28","690","","[评论内容已隐藏]"
"user-0221","141","0","comment-000236","[评论内容已隐藏]"
"user-0046","223","670","","[评论内容已隐藏]"
"user-0063","158","780","","[评论内容已隐藏]"
"user-0029","87","630","","[评论内容已隐藏]"
"user-0027","123","0","comment-002614","[评论内容已隐藏]"
"user-0089","193","700","","[评论内容已隐藏]"
"user-0098","107","850","","[评论内容已隐藏]"
"user-0053","3","480","","[评论内容已隐藏]"
"user-0130","57","800","","[评论内容已隐藏]"
"user-0066","209","720","","[评论内容已隐藏]"
"user-0022","78","820","","[评论内容已隐藏]"
"user-0150","103","790","","[评论内容已隐藏]"
"user-0064","114","720","","[评论内容已隐藏]"
"user-0188","139","840","","[评论内容已隐藏]"
"user-0032","56","640","","[评论内容已隐藏]"
"user-0078","64","100","","[评论内容已隐藏]"
"user-0060","172","880","","[评论内容已隐藏]"
"user-0060","185","0","comment-ref-000022","[评论内容已隐藏]"
"user-0096","57","0","comment-002530","[评论内容已隐藏]"
"user-0076","61","740","","[评论内容已隐藏]"
"user-0140","36","680","","[评论内容已隐藏]"
"user-0164","209","880","","[评论内容已隐藏]"
"user-0127","234","750","","[评论内容已隐藏]"
"user-0132","1","700","","[评论内容已隐藏]"
"user-0151","25","0","comment-002603","[评论内容已隐藏]"
"user-0070","184","850","","[评论内容已隐藏]"
"user-0202","165","790","","[评论内容已隐藏]"
"user-0161","200","0","comment-ref-000023","[评论内容已隐藏]"
"user-0169","210","710","","[评论内容已隐藏]"
"user-0123","173","840","","[评论内容已隐藏]"
"user-0069","168","690","","[评论内容已隐藏]"
"user-0060","185","0","comment-ref-000024","[评论内容已隐藏]"
"user-0015","35","550","","[评论内容已隐藏]"
"user-0004","5","0","comment-003072","[评论内容已隐藏]"
"user-0031","72","710","","[评论内容已隐藏]"
"user-0116","158","800","","[评论内容已隐藏]"
"user-0087","44","700","","[评论内容已隐藏]"
"user-0138","99","0","comment-002807","[评论内容已隐藏]"
"user-0126","235","700","","[评论内容已隐藏]"
"user-0224","178","770","","[评论内容已隐藏]"
"user-0033","41","660","","[评论内容已隐藏]"
"user-0202","169","570","","[评论内容已隐藏]"
"user-0100","118","750","","[评论内容已隐藏]"
"user-0162","232","650","","[评论内容已隐藏]"
"user-0074","151","600","","[评论内容已隐藏]"
"user-0005","165","0","comment-002498","[评论内容已隐藏]"
"user-0135","54","720","","[评论内容已隐藏]"
"user-0113","127","870","","[评论内容已隐藏]"
"user-0131","43","0","comment-002590","[评论内容已隐藏]"
"user-0151","76","880","","[评论内容已隐藏]"
"user-0100","186","810","","[评论内容已隐藏]"
"user-0184","27","0","comment-000242","[评论内容已隐藏]"
"user-0084","40","660","","[评论内容已隐藏]"
"user-0084","213","740","","[评论内容已隐藏]"
"user-0008","219","630","","[评论内容已隐藏]"
"user-0041","113","740","","[评论内容已隐藏]"
"user-0188","223","540","","[评论内容已隐藏]"
"user-0059","236","720","","[评论内容已隐藏]"
"user-0083","135","800","","[评论内容已隐藏]"
"user-0025","71","600","","[评论内容已隐藏]"
"user-0176","61","0","comment-000914","[评论内容已隐藏]"
"user-0114","84","790","","[评论内容已隐藏]"
"user-0168","51","680","","[评论内容已隐藏]"
"user-0125","141","640","","[评论内容已隐藏]"
"user-0171","70","730","","[评论内容已隐藏]"
"user-0018","110","800","","[评论内容已隐藏]"
"user-0150","218","800","","[评论内容已隐藏]"
"user-0031","92","0","comment-002451","[评论内容已隐藏]"
"user-0167","200","850","","[评论内容已隐藏]"
"user-0176","61","0","comment-001192","[评论内容已隐藏]"
"user-0110","6","700","","[评论内容已隐藏]"
"user-0072","70","0","comment-003126","[评论内容已隐藏]"
"user-0173","157","860","","[评论内容已隐藏]"
"user-0009","9","1000","","[评论内容已隐藏]"
"user-0088","118","780","","[评论内容已隐藏]"
"user-0014","101","750","","[评论内容已隐藏]"
"user-0067","56","0","comment-003120","[评论内容已隐藏]"
"user-0158","147","420","","[评论内容已隐藏]"
"user-0186","181","700","","[评论内容已隐藏]"
"user-0112","133","670","","[评论内容已隐藏]"
"user-0150","223","500","","[评论内容已隐藏]"
"user-0075","103","1000","","[评论内容已隐藏]"
"user-0007","211","0","comment-ref-000025","[评论内容已隐藏]"
"user-0113","31","750","","[评论内容已隐藏]"
"user-0044","153","450","","[评论内容已隐藏]"
"user-0079","172","750","","[评论内容已隐藏]"
"user-0075","222","850","","[评论内容已隐藏]"
"user-0011","222","650","","[评论内容已隐藏]"
"user-0154","86","600","","[评论内容已隐藏]"
"user-0177","171","500","","[评论内容已隐藏]"
"user-0022","131","0","comment-000858","[评论内容已隐藏]"
"user-0183","47","490","","[评论内容已隐藏]"
"user-0195","184","860","","[评论内容已隐藏]"
"user-0116","94","810","","[评论内容已隐藏]"
"user-0201","211","810","","[评论内容已隐藏]"
"user-0075","163","850","","[评论内容已隐藏]"
"user-0149","108","670","","[评论内容已隐藏]"
"user-0084","224","780","","[评论内容已隐藏]"
"user-0100","158","0","comment-001348","[评论内容已隐藏]"
"user-0193","128","800","","[评论内容已隐藏]"
"user-0027","66","0","comment-002256","[评论内容已隐藏]"
"user-0019","219","710","","[评论内容已隐藏]"
"user-0003","30","0","comment-001862","[评论内容已隐藏]"
"user-0184","75","680","","[评论内容已隐藏]"
"user-0013","215","770","","[评论内容已隐藏]"
"user-0215","40","800","","[评论内容已隐藏]"
"user-0105","167","800","","[评论内容已隐藏]"
"user-0167","191","830","","[评论内容已隐藏]"
"user-0060","175","0","comment-002592","[评论内容已隐藏]"
"user-0093","9","700","","[评论内容已隐藏]"
"user-0039","236","750","","[评论内容已隐藏]"
"user-0026","132","960","","[评论内容已隐藏]"
"user-0053","131","0","comment-000858","[评论内容已隐藏]"
"user-0213","54","780","","[评论内容已隐藏]"
"user-0091","168","730","","[评论内容已隐藏]"
"user-0188","103","680","","[评论内容已隐藏]"
"user-0206","219","640","","[评论内容已隐藏]"
"user-0180","236","0","comment-002361","[评论内容已隐藏]"
"user-0127","123","0","comment-003145","[评论内容已隐藏]"
"user-0118","229","0","comment-001415","[评论内容已隐藏]"
"user-0087","21","670","","[评论内容已隐藏]"
"user-0103","35","0","comment-002187","[评论内容已隐藏]"
"user-0039","201","730","","[评论内容已隐藏]"
"user-0040","50","640","","[评论内容已隐藏]"
"user-0143","204","750","","[评论内容已隐藏]"
"user-0088","148","0","comment-001074","[评论内容已隐藏]"
"user-0059","163","0","comment-002512","[评论内容已隐藏]"
"user-0011","203","900","","[评论内容已隐藏]"
"user-0043","178","0","comment-002476","[评论内容已隐藏]"
"user-0163","220","0","comment-003038","[评论内容已隐藏]"
"user-0039","183","860","","[评论内容已隐藏]"
"user-0132","5","850","","[评论内容已隐藏]"
"user-0068","138","780","","[评论内容已隐藏]"
"user-0218","45","0","comment-002547","[评论内容已隐藏]"
"user-0177","199","880","","[评论内容已隐藏]"
"user-0194","178","590","","[评论内容已隐藏]"
"user-0057","106","700","","[评论内容已隐藏]"
"user-0136","139","930","","[评论内容已隐藏]"
"user-0066","216","710","","[评论内容已隐藏]"
"user-0168","117","640","","[评论内容已隐藏]"
"user-0131","85","760","","[评论内容已隐藏]"
"user-0022","20","300","","[评论内容已隐藏]"
"user-0075","113","650","","[评论内容已隐藏]"
"user-0008","207","690","","[评论内容已隐藏]"
"user-0088","60","650","","[评论内容已隐藏]"
"user-0143","135","730","","[评论内容已隐藏]"
"user-0201","210","0","comment-002931","[评论内容已隐藏]"
"user-0195","230","800","","[评论内容已隐藏]"
"user-0054","154","770","","[评论内容已隐藏]"
"user-0047","178","480","","[评论内容已隐藏]"
"user-0127","123","0","comment-002074","[评论内容已隐藏]"
"user-0135","13","620","","[评论内容已隐藏]"
"user-0018","46","600","","[评论内容已隐藏]"
"user-0014","152","100","","[评论内容已隐藏]"
"user-0140","130","740","","[评论内容已隐藏]"
"user-0147","232","710","","[评论内容已隐藏]"
"user-0005","217","740","","[评论内容已隐藏]"
"user-0084","62","680","","[评论内容已隐藏]"
"user-0149","130","790","","[评论内容已隐藏]"
"user-0130","26","0","comment-ref-000026","[评论内容已隐藏]"
"user-0077","49","600","","[评论内容已隐藏]"
"user-0184","219","520","","[评论内容已隐藏]"
"user-0119","22","640","","[评论内容已隐藏]"
"user-0094","123","0","comment-002074","[评论内容已隐藏]"
"user-0072","143","650","","[评论内容已隐藏]"
"user-0072","13","820","","[评论内容已隐藏]"
"user-0078","105","670","","[评论内容已隐藏]"
"user-0015","90","0","comment-001785","[评论内容已隐藏]"
"user-0136","153","830","","[评论内容已隐藏]"
"user-0037","135","850","","[评论内容已隐藏]"
"user-0132","117","0","comment-001950","[评论内容已隐藏]"
"user-0169","165","770","","[评论内容已隐藏]"
"user-0073","199","750","","[评论内容已隐藏]"
"user-0095","131","950","","[评论内容已隐藏]"
"user-0070","219","700","","[评论内容已隐藏]"
"user-0044","158","880","","[评论内容已隐藏]"
"user-0125","147","350","","[评论内容已隐藏]"
"user-0206","182","0","comment-002528","[评论内容已隐藏]"
"user-0003","90","720","","[评论内容已隐藏]"
"user-0140","134","870","","[评论内容已隐藏]"
"user-0113","40","630","","[评论内容已隐藏]"
"user-0067","21","680","","[评论内容已隐藏]"
"user-0096","171","790","","[评论内容已隐藏]"
"user-0072","192","770","","[评论内容已隐藏]"
"user-0204","166","750","","[评论内容已隐藏]"
"user-0190","85","670","","[评论内容已隐藏]"
"user-0073","182","740","","[评论内容已隐藏]"
"user-0135","38","580","","[评论内容已隐藏]"
"user-0199","174","870","","[评论内容已隐藏]"
"user-0188","98","760","","[评论内容已隐藏]"
"user-0213","131","890","","[评论内容已隐藏]"
"user-0181","116","960","","[评论内容已隐藏]"
"user-0093","22","600","","[评论内容已隐藏]"
"user-0021","14","860","","[评论内容已隐藏]"
"user-0100","213","610","","[评论内容已隐藏]"
"user-0067","23","730","","[评论内容已隐藏]"
"user-0032","169","570","","[评论内容已隐藏]"
"user-0086","221","820","","[评论内容已隐藏]"
"user-0147","129","680","","[评论内容已隐藏]"
"user-0163","220","0","comment-001762","[评论内容已隐藏]"
"user-0053","26","710","","[评论内容已隐藏]"
"user-0085","66","650","","[评论内容已隐藏]"
"user-0013","99","580","","[评论内容已隐藏]"
"user-0162","236","700","","[评论内容已隐藏]"
"user-0024","213","750","","[评论内容已隐藏]"
"user-0205","38","0","comment-000426","[评论内容已隐藏]"
"user-0225","52","700","","[评论内容已隐藏]"
"user-0151","25","0","comment-002082","[评论内容已隐藏]"
"user-0042","207","0","comment-001107","[评论内容已隐藏]"
"user-0209","204","660","","[评论内容已隐藏]"
"user-0164","73","810","","[评论内容已隐藏]"
"user-0017","49","730","","[评论内容已隐藏]"
"user-0053","185","930","","[评论内容已隐藏]"
"user-0092","201","680","","[评论内容已隐藏]"
"user-0149","112","620","","[评论内容已隐藏]"
"user-0061","81","730","","[评论内容已隐藏]"
"user-0007","179","810","","[评论内容已隐藏]"
"user-0092","98","780","","[评论内容已隐藏]"
"user-0029","11","500","","[评论内容已隐藏]"
"user-0220","18","900","","[评论内容已隐藏]"
"user-0199","180","700","","[评论内容已隐藏]"
"user-0110","53","700","","[评论内容已隐藏]"
"user-0053","190","100","","[评论内容已隐藏]"
"user-0178","184","880","","[评论内容已隐藏]"
"user-0013","222","760","","[评论内容已隐藏]"
"user-0139","162","840","","[评论内容已隐藏]"
"user-0204","134","850","","[评论内容已隐藏]"
"user-0118","10","550","","[评论内容已隐藏]"
"user-0127","233","760","","[评论内容已隐藏]"
"user-0164","222","0","comment-001260","[评论内容已隐藏]"
"user-0124","159","620","","[评论内容已隐藏]"
"user-0030","100","720","","[评论内容已隐藏]"
"user-0033","138","650","","[评论内容已隐藏]"
"user-0196","181","680","","[评论内容已隐藏]"
"user-0007","210","620","","[评论内容已隐藏]"
"user-0026","78","830","","[评论内容已隐藏]"
"user-0209","168","740","","[评论内容已隐藏]"
"user-0053","190","100","","[评论内容已隐藏]"
"user-0066","232","720","","[评论内容已隐藏]"
"user-0168","121","0","comment-002596","[评论内容已隐藏]"
"user-0100","214","100","","[评论内容已隐藏]"
"user-0152","69","860","","[评论内容已隐藏]"
"user-0048","229","1000","","[评论内容已隐藏]"
"user-0022","121","850","","[评论内容已隐藏]"
"user-0017","59","620","","[评论内容已隐藏]"
"user-0205","149","700","","[评论内容已隐藏]"
"user-0174","43","730","","[评论内容已隐藏]"
"user-0033","78","800","","[评论内容已隐藏]"
"user-0120","49","790","","[评论内容已隐藏]"
"user-0031","33","450","","[评论内容已隐藏]"
"user-0023","188","850","","[评论内容已隐藏]"
"user-0226","224","770","","[评论内容已隐藏]"
"user-0196","21","440","","[评论内容已隐藏]"
"user-0031","17","720","","[评论内容已隐藏]"
"user-0155","222","900","","[评论内容已隐藏]"
"user-0180","227","820","","[评论内容已隐藏]"
"user-0028","12","780","","[评论内容已隐藏]"
"user-0149","118","780","","[评论内容已隐藏]"
"user-0116","176","0","comment-001981","[评论内容已隐藏]"
"user-0189","129","720","","[评论内容已隐藏]"
"user-0150","186","740","","[评论内容已隐藏]"
"user-0116","198","680","","[评论内容已隐藏]"
"user-0158","44","670","","[评论内容已隐藏]"
"user-0081","209","630","","[评论内容已隐藏]"
"user-0042","207","0","comment-001316","[评论内容已隐藏]"
"user-0009","9","0","comment-001634","[评论内容已隐藏]"
"user-0058","231","750","","[评论内容已隐藏]"
"user-0095","129","800","","[评论内容已隐藏]"
"user-0171","93","0","comment-000279","[评论内容已隐藏]"
"user-0026","7","350","","[评论内容已隐藏]"
"user-0036","229","690","","[评论内容已隐藏]"
"user-0098","155","750","","[评论内容已隐藏]"
"user-0194","176","620","","[评论内容已隐藏]"
"user-0124","150","640","","[评论内容已隐藏]"
"user-0074","42","700","","[评论内容已隐藏]"
"user-0090","199","840","","[评论内容已隐藏]"
"user-0080","108","550","","[评论内容已隐藏]"
"user-0139","52","600","","[评论内容已隐藏]"
"user-0028","28","0","comment-001944","[评论内容已隐藏]"
"user-0005","136","850","","[评论内容已隐藏]"
"user-0217","222","800","","[评论内容已隐藏]"
"user-0206","215","780","","[评论内容已隐藏]"
"user-0096","169","850","","[评论内容已隐藏]"
"user-0152","145","550","","[评论内容已隐藏]"
"user-0005","203","890","","[评论内容已隐藏]"
"user-0004","93","500","","[评论内容已隐藏]"
"user-0019","224","0","comment-001424","[评论内容已隐藏]"
"user-0169","78","800","","[评论内容已隐藏]"
"user-0156","175","850","","[评论内容已隐藏]"
"user-0173","139","900","","[评论内容已隐藏]"
"user-0210","36","730","","[评论内容已隐藏]"
"user-0166","13","700","","[评论内容已隐藏]"
"user-0049","135","670","","[评论内容已隐藏]"
"user-0080","125","630","","[评论内容已隐藏]"
"user-0113","135","780","","[评论内容已隐藏]"
"user-0195","179","800","","[评论内容已隐藏]"
"user-0132","8","640","","[评论内容已隐藏]"
"user-0116","203","0","comment-000530","[评论内容已隐藏]"
"user-0159","135","760","","[评论内容已隐藏]"
"user-0068","64","550","","[评论内容已隐藏]"
"user-0106","62","400","","[评论内容已隐藏]"
"user-0026","148","660","","[评论内容已隐藏]"
"user-0068","131","880","","[评论内容已隐藏]"
"user-0161","222","710","","[评论内容已隐藏]"
"user-0149","122","700","","[评论内容已隐藏]"
"user-0183","125","610","","[评论内容已隐藏]"
"user-0030","201","850","","[评论内容已隐藏]"
"user-0028","3","650","","[评论内容已隐藏]"
"user-0060","134","920","","[评论内容已隐藏]"
"user-0151","25","0","comment-001894","[评论内容已隐藏]"
"user-0158","130","800","","[评论内容已隐藏]"
"user-0208","75","0","comment-000155","[评论内容已隐藏]"
"user-0002","89","640","","[评论内容已隐藏]"
"user-0172","171","660","","[评论内容已隐藏]"
"user-0142","150","760","","[评论内容已隐藏]"
"user-0072","14","850","","[评论内容已隐藏]"
"user-0180","188","890","","[评论内容已隐藏]"
"user-0188","19","780","","[评论内容已隐藏]"
"user-0154","47","550","","[评论内容已隐藏]"
"user-0022","9","550","","[评论内容已隐藏]"
"user-0201","220","800","","[评论内容已隐藏]"
"user-0154","78","800","","[评论内容已隐藏]"
"user-0151","25","0","comment-003013","[评论内容已隐藏]"
"user-0027","66","0","comment-001031","[评论内容已隐藏]"
"user-0140","24","760","","[评论内容已隐藏]"
"user-0071","231","0","comment-002912","[评论内容已隐藏]"
"user-0165","227","700","","[评论内容已隐藏]"
"user-0147","188","600","","[评论内容已隐藏]"
"user-0034","195","900","","[评论内容已隐藏]"
"user-0135","65","0","comment-000176","[评论内容已隐藏]"
"user-0129","163","750","","[评论内容已隐藏]"
"user-0112","76","670","","[评论内容已隐藏]"
"user-0161","198","840","","[评论内容已隐藏]"
"user-0024","240","700","","[评论内容已隐藏]"
"user-0031","229","780","","[评论内容已隐藏]"
"user-0064","194","680","","[评论内容已隐藏]"
"user-0226","227","740","","[评论内容已隐藏]"
"user-0120","23","850","","[评论内容已隐藏]"
"user-0193","99","0","comment-002725","[评论内容已隐藏]"
"user-0047","181","0","comment-000581","[评论内容已隐藏]"
"user-0067","62","640","","[评论内容已隐藏]"
"user-0095","163","850","","[评论内容已隐藏]"
"user-0120","10","740","","[评论内容已隐藏]"
"user-0054","142","600","","[评论内容已隐藏]"
"user-0084","221","890","","[评论内容已隐藏]"
"user-0084","50","380","","[评论内容已隐藏]"
"user-0079","88","640","","[评论内容已隐藏]"
"user-0112","63","740","","[评论内容已隐藏]"
"user-0139","26","590","","[评论内容已隐藏]"
"user-0020","47","740","","[评论内容已隐藏]"
"user-0024","219","0","comment-001347","[评论内容已隐藏]"
"user-0074","158","900","","[评论内容已隐藏]"
"user-0026","90","690","","[评论内容已隐藏]"
"user-0005","155","590","","[评论内容已隐藏]"
"user-0001","180","670","","[评论内容已隐藏]"
"user-0077","104","720","","[评论内容已隐藏]"
"user-0101","119","720","","[评论内容已隐藏]"
"user-0110","24","720","","[评论内容已隐藏]"
"user-0052","213","770","","[评论内容已隐藏]"
"user-0177","148","680","","[评论内容已隐藏]"
"user-0162","177","650","","[评论内容已隐藏]"
"user-0005","190","920","","[评论内容已隐藏]"
"user-0082","40","0","comment-000416","[评论内容已隐藏]"
"user-0028","28","850","","[评论内容已隐藏]"
"user-0081","155","690","","[评论内容已隐藏]"
"user-0013","176","0","comment-000712","[评论内容已隐藏]"
"user-0184","77","0","comment-001019","[评论内容已隐藏]"
"user-0201","134","880","","[评论内容已隐藏]"
"user-0174","199","860","","[评论内容已隐藏]"
"user-0028","131","820","","[评论内容已隐藏]"
"user-0104","54","750","","[评论内容已隐藏]"
"user-0164","213","850","","[评论内容已隐藏]"
"user-0224","118","680","","[评论内容已隐藏]"
"user-0206","182","0","comment-000012","[评论内容已隐藏]"
"user-0080","55","670","","[评论内容已隐藏]"
"user-0100","168","680","","[评论内容已隐藏]"
"user-0006","209","770","","[评论内容已隐藏]"
"user-0027","66","0","comment-000303","[评论内容已隐藏]"
"user-0027","66","0","comment-000496","[评论内容已隐藏]"
"user-0114","89","760","","[评论内容已隐藏]"
"user-0171","216","800","","[评论内容已隐藏]"
"user-0171","73","620","","[评论内容已隐藏]"
"user-0158","153","720","","[评论内容已隐藏]"
"user-0032","93","620","","[评论内容已隐藏]"
"user-0207","154","850","","[评论内容已隐藏]"
"user-0116","202","800","","[评论内容已隐藏]"
"user-0063","6","0","comment-003190","[评论内容已隐藏]"
"user-0050","206","670","","[评论内容已隐藏]"
"user-0100","210","650","","[评论内容已隐藏]"
"user-0167","124","700","","[评论内容已隐藏]"
"user-0212","60","0","comment-002830","[评论内容已隐藏]"
"user-0001","241","770","","[评论内容已隐藏]"
"user-0009","9","0","comment-003082","[评论内容已隐藏]"
"user-0099","69","850","","[评论内容已隐藏]"
"user-0002","42","700","","[评论内容已隐藏]"
"user-0038","232","600","","[评论内容已隐藏]"
"user-0049","22","670","","[评论内容已隐藏]"
"user-0087","50","0","comment-000419","[评论内容已隐藏]"
"user-0198","151","740","","[评论内容已隐藏]"
"user-0010","15","0","comment-002406","[评论内容已隐藏]"
"user-0015","113","660","","[评论内容已隐藏]"
"user-0136","242","530","","[评论内容已隐藏]"
"user-0205","62","670","","[评论内容已隐藏]"
"user-0060","221","900","","[评论内容已隐藏]"
"user-0193","96","760","","[评论内容已隐藏]"
"user-0031","92","0","comment-ref-000027","[评论内容已隐藏]"
"user-0100","165","800","","[评论内容已隐藏]"
"user-0015","10","510","","[评论内容已隐藏]"
"user-0017","53","670","","[评论内容已隐藏]"
"user-0132","71","700","","[评论内容已隐藏]"
"user-0061","80","620","","[评论内容已隐藏]"
"user-0047","181","0","comment-001251","[评论内容已隐藏]"
"user-0217","81","0","comment-001904","[评论内容已隐藏]"
"user-0042","207","0","comment-000801","[评论内容已隐藏]"
"user-0052","96","710","","[评论内容已隐藏]"
"user-0004","96","700","","[评论内容已隐藏]"
"user-0087","50","0","comment-000902","[评论内容已隐藏]"
"user-0227","136","810","","[评论内容已隐藏]"
"user-0052","197","0","comment-002200","[评论内容已隐藏]"
"user-0020","20","740","","[评论内容已隐藏]"
"user-0030","233","880","","[评论内容已隐藏]"
"user-0151","76","0","comment-001222","[评论内容已隐藏]"
"user-0036","23","750","","[评论内容已隐藏]"
"user-0194","192","700","","[评论内容已隐藏]"
"user-0109","214","500","","[评论内容已隐藏]"
"user-0129","165","0","comment-001805","[评论内容已隐藏]"
"user-0154","97","700","","[评论内容已隐藏]"
"user-0103","35","0","comment-001205","[评论内容已隐藏]"
"user-0194","128","700","","[评论内容已隐藏]"
"user-0215","86","630","","[评论内容已隐藏]"
"user-0187","120","720","","[评论内容已隐藏]"
"user-0018","54","0","comment-000043","[评论内容已隐藏]"
"user-0042","207","0","comment-001946","[评论内容已隐藏]"
"user-0046","236","900","","[评论内容已隐藏]"
"user-0042","211","740","","[评论内容已隐藏]"
"user-0100","158","0","comment-001987","[评论内容已隐藏]"
"user-0022","95","750","","[评论内容已隐藏]"
"user-0006","222","790","","[评论内容已隐藏]"
"user-0072","111","500","","[评论内容已隐藏]"
"user-0067","56","600","","[评论内容已隐藏]"
"user-0007","92","670","","[评论内容已隐藏]"
"user-0015","97","760","","[评论内容已隐藏]"
"user-0117","122","0","comment-003004","[评论内容已隐藏]"
"user-0025","22","640","","[评论内容已隐藏]"
"user-0032","161","730","","[评论内容已隐藏]"
"user-0086","204","780","","[评论内容已隐藏]"
"user-0084","18","550","","[评论内容已隐藏]"
"user-0224","46","660","","[评论内容已隐藏]"
"user-0195","224","760","","[评论内容已隐藏]"
"user-0125","15","560","","[评论内容已隐藏]"
"user-0014","95","510","","[评论内容已隐藏]"
"user-0037","227","760","","[评论内容已隐藏]"
"user-0136","36","820","","[评论内容已隐藏]"
"user-0164","210","680","","[评论内容已隐藏]"
"user-0058","1","650","","[评论内容已隐藏]"
"user-0170","192","780","","[评论内容已隐藏]"
"user-0213","116","730","","[评论内容已隐藏]"
"user-0031","92","0","comment-000689","[评论内容已隐藏]"
"user-0204","138","750","","[评论内容已隐藏]"
"user-0027","57","740","","[评论内容已隐藏]"
"user-0111","230","720","","[评论内容已隐藏]"
"user-0017","9","720","","[评论内容已隐藏]"
"user-0047","189","850","","[评论内容已隐藏]"
"user-0160","173","710","","[评论内容已隐藏]"
"user-0090","186","710","","[评论内容已隐藏]"
"user-0216","175","720","","[评论内容已隐藏]"
"user-0019","190","710","","[评论内容已隐藏]"
"user-0055","13","770","","[评论内容已隐藏]"
"user-0148","6","830","","[评论内容已隐藏]"
"user-0065","29","0","comment-002217","[评论内容已隐藏]"
"user-0157","13","860","","[评论内容已隐藏]"
"user-0176","81","750","","[评论内容已隐藏]"
"user-0116","14","800","","[评论内容已隐藏]"
"user-0023","143","680","","[评论内容已隐藏]"
"user-0224","103","850","","[评论内容已隐藏]"
"user-0004","197","0","comment-000885","[评论内容已隐藏]"
"user-0028","79","640","","[评论内容已隐藏]"
"user-0096","148","740","","[评论内容已隐藏]"
"user-0066","225","680","","[评论内容已隐藏]"
"user-0116","209","650","","[评论内容已隐藏]"
"user-0019","238","800","","[评论内容已隐藏]"
"user-0143","221","860","","[评论内容已隐藏]"
"user-0069","149","720","","[评论内容已隐藏]"
"user-0026","26","700","","[评论内容已隐藏]"
"user-0127","155","740","","[评论内容已隐藏]"
"user-0112","76","1000","","[评论内容已隐藏]"
"user-0067","73","680","","[评论内容已隐藏]"
"user-0047","197","950","","[评论内容已隐藏]"
"user-0096","57","0","comment-002779","[评论内容已隐藏]"
"user-0028","28","0","comment-ref-000028","[评论内容已隐藏]"
"user-0026","157","0","comment-000727","[评论内容已隐藏]"
"user-0165","165","830","","[评论内容已隐藏]"
"user-0026","31","660","","[评论内容已隐藏]"
"user-0059","163","0","comment-001514","[评论内容已隐藏]"
"user-0148","226","770","","[评论内容已隐藏]"
"user-0072","171","750","","[评论内容已隐藏]"
"user-0185","1","700","","[评论内容已隐藏]"
"user-0111","173","830","","[评论内容已隐藏]"
"user-0164","224","880","","[评论内容已隐藏]"
"user-0041","83","590","","[评论内容已隐藏]"
"user-0168","68","670","","[评论内容已隐藏]"
"user-0221","141","0","comment-001236","[评论内容已隐藏]"
"user-0059","164","700","","[评论内容已隐藏]"
"user-0039","199","850","","[评论内容已隐藏]"
"user-0039","196","790","","[评论内容已隐藏]"
"user-0011","185","910","","[评论内容已隐藏]"
"user-0077","176","450","","[评论内容已隐藏]"
"user-0077","183","770","","[评论内容已隐藏]"
"user-0084","216","730","","[评论内容已隐藏]"
"user-0013","67","550","","[评论内容已隐藏]"
"user-0196","166","760","","[评论内容已隐藏]"
"user-0117","89","760","","[评论内容已隐藏]"
"user-0193","88","600","","[评论内容已隐藏]"
"user-0038","202","740","","[评论内容已隐藏]"
"user-0176","20","500","","[评论内容已隐藏]"
"user-0034","170","0","comment-000789","[评论内容已隐藏]"
"user-0010","1","680","","[评论内容已隐藏]"
"user-0082","198","850","","[评论内容已隐藏]"
"user-0046","176","820","","[评论内容已隐藏]"
"user-0121","241","750","","[评论内容已隐藏]"
"user-0059","163","0","comment-002675","[评论内容已隐藏]"
"user-0149","163","850","","[评论内容已隐藏]"
"user-0117","143","750","","[评论内容已隐藏]"
"user-0010","16","690","","[评论内容已隐藏]"
"user-0053","179","720","","[评论内容已隐藏]"
"user-0053","190","100","","[评论内容已隐藏]"
"user-0202","185","830","","[评论内容已隐藏]"
"user-0009","9","0","comment-002244","[评论内容已隐藏]"
"user-0013","25","710","","[评论内容已隐藏]"
"user-0103","35","0","comment-000396","[评论内容已隐藏]"
"user-0114","95","0","comment-001170","[评论内容已隐藏]"
"user-0122","144","720","","[评论内容已隐藏]"
"user-0213","73","680","","[评论内容已隐藏]"
"user-0121","163","780","","[评论内容已隐藏]"
"user-0117","56","670","","[评论内容已隐藏]"
"user-0196","192","1000","","[评论内容已隐藏]"
"user-0034","148","680","","[评论内容已隐藏]"
"user-0176","76","700","","[评论内容已隐藏]"
"user-0158","162","740","","[评论内容已隐藏]"
"user-0180","223","600","","[评论内容已隐藏]"
"user-0100","197","820","","[评论内容已隐藏]"
"user-0147","57","650","","[评论内容已隐藏]"
"user-0124","66","670","","[评论内容已隐藏]"
"user-0137","148","690","","[评论内容已隐藏]"
"user-0079","85","0","comment-002681","[评论内容已隐藏]"
"user-0151","25","0","comment-000108","[评论内容已隐藏]"
"user-0103","1","800","","[评论内容已隐藏]"
"user-0074","150","740","","[评论内容已隐藏]"
"user-0124","81","650","","[评论内容已隐藏]"
"user-0101","119","0","comment-002391","[评论内容已隐藏]"
"user-0051","191","700","","[评论内容已隐藏]"
"user-0101","72","640","","[评论内容已隐藏]"
"user-0226","126","890","","[评论内容已隐藏]"
"user-0187","126","820","","[评论内容已隐藏]"
"user-0165","94","830","","[评论内容已隐藏]"
"user-0052","197","0","comment-000885","[评论内容已隐藏]"
"user-0116","195","860","","[评论内容已隐藏]"
"user-0118","7","200","","[评论内容已隐藏]"
"user-0105","161","720","","[评论内容已隐藏]"
"user-0046","24","880","","[评论内容已隐藏]"
"user-0011","222","0","comment-001260","[评论内容已隐藏]"
"user-0210","83","810","","[评论内容已隐藏]"
"user-0009","229","500","","[评论内容已隐藏]"
"user-0181","140","400","","[评论内容已隐藏]"
"user-0024","128","620","","[评论内容已隐藏]"
"user-0065","77","820","","[评论内容已隐藏]"
"user-0104","200","810","","[评论内容已隐藏]"
"user-0095","190","820","","[评论内容已隐藏]"
"user-0161","200","0","comment-001739","[评论内容已隐藏]"
"user-0167","226","780","","[评论内容已隐藏]"
"user-0172","185","850","","[评论内容已隐藏]"
"user-0063","6","0","comment-001062","[评论内容已隐藏]"
"user-0127","123","0","comment-002614","[评论内容已隐藏]"
"user-0189","99","0","comment-000873","[评论内容已隐藏]"
"user-0086","177","680","","[评论内容已隐藏]"
"user-0116","203","0","comment-002611","[评论内容已隐藏]"
"user-0055","196","840","","[评论内容已隐藏]"
"user-0127","123","0","comment-001884","[评论内容已隐藏]"
"user-0107","187","660","","[评论内容已隐藏]"
"user-0030","228","0","comment-000520","[评论内容已隐藏]"
"user-0092","101","830","","[评论内容已隐藏]"
"user-0018","54","0","comment-003211","[评论内容已隐藏]"
"user-0028","28","0","comment-002535","[评论内容已隐藏]"
"user-0003","137","700","","[评论内容已隐藏]"
"user-0117","37","780","","[评论内容已隐藏]"
"user-0122","53","630","","[评论内容已隐藏]"
"user-0008","189","800","","[评论内容已隐藏]"
"user-0207","144","700","","[评论内容已隐藏]"
"user-0202","120","640","","[评论内容已隐藏]"
"user-0100","220","840","","[评论内容已隐藏]"
"user-0102","16","0","comment-002382","[评论内容已隐藏]"
"user-0047","152","400","","[评论内容已隐藏]"
"user-0019","187","630","","[评论内容已隐藏]"
"user-0013","176","0","comment-000884","[评论内容已隐藏]"
"user-0120","11","740","","[评论内容已隐藏]"
"user-0002","2","350","","[评论内容已隐藏]"
"user-0026","14","850","","[评论内容已隐藏]"
"user-0031","27","700","","[评论内容已隐藏]"
"user-0065","29","0","comment-002490","[评论内容已隐藏]"
"user-0155","153","550","","[评论内容已隐藏]"
"user-0195","187","590","","[评论内容已隐藏]"
"user-0143","239","660","","[评论内容已隐藏]"
"user-0042","207","0","comment-002566","[评论内容已隐藏]"
"user-0046","242","800","","[评论内容已隐藏]"
"user-0121","106","0","comment-001309","[评论内容已隐藏]"
"user-0136","169","720","","[评论内容已隐藏]"
"user-0101","70","760","","[评论内容已隐藏]"
"user-0103","35","650","","[评论内容已隐藏]"
"user-0022","10","600","","[评论内容已隐藏]"
"user-0021","85","700","","[评论内容已隐藏]"
"user-0031","43","700","","[评论内容已隐藏]"
"user-0081","70","860","","[评论内容已隐藏]"
"user-0015","90","730","","[评论内容已隐藏]"
"user-0155","107","550","","[评论内容已隐藏]"
"user-0052","197","0","comment-003073","[评论内容已隐藏]"
"user-0184","41","650","","[评论内容已隐藏]"
"user-0167","218","800","","[评论内容已隐藏]"
"user-0028","31","810","","[评论内容已隐藏]"
"user-0023","96","800","","[评论内容已隐藏]"
"user-0023","17","750","","[评论内容已隐藏]"
"user-0011","25","650","","[评论内容已隐藏]"
"user-0156","48","100","","[评论内容已隐藏]"
"user-0072","181","0","comment-000314","[评论内容已隐藏]"
"user-0216","220","820","","[评论内容已隐藏]"
"user-0046","223","670","","[评论内容已隐藏]"
"user-0095","131","0","comment-ref-000029","[评论内容已隐藏]"
"user-0007","116","740","","[评论内容已隐藏]"
"user-0060","211","880","","[评论内容已隐藏]"
"user-0172","185","0","comment-ref-000007","[评论内容已隐藏]"
"user-0052","197","0","comment-001160","[评论内容已隐藏]"
"user-0147","200","0","comment-001079","[评论内容已隐藏]"
"user-0065","29","0","comment-000817","[评论内容已隐藏]"
"user-0047","165","780","","[评论内容已隐藏]"
"user-0033","65","720","","[评论内容已隐藏]"
"user-0171","84","700","","[评论内容已隐藏]"
"user-0141","236","650","","[评论内容已隐藏]"
"user-0009","53","630","","[评论内容已隐藏]"
"user-0215","210","730","","[评论内容已隐藏]"
"user-0098","141","730","","[评论内容已隐藏]"
"user-0043","178","0","comment-001212","[评论内容已隐藏]"
"user-0114","100","700","","[评论内容已隐藏]"
"user-0072","70","0","comment-002312","[评论内容已隐藏]"
"user-0135","117","670","","[评论内容已隐藏]"
"user-0171","93","0","comment-000220","[评论内容已隐藏]"
"user-0067","106","790","","[评论内容已隐藏]"
"user-0034","170","0","comment-001066","[评论内容已隐藏]"
"user-0066","233","0","comment-001052","[评论内容已隐藏]"
"user-0081","87","0","comment-002186","[评论内容已隐藏]"
"user-0180","171","930","","[评论内容已隐藏]"
"user-0131","43","0","comment-000646","[评论内容已隐藏]"
"user-0011","98","870","","[评论内容已隐藏]"
"user-0053","176","370","","[评论内容已隐藏]"
"user-0196","21","0","comment-001425","[评论内容已隐藏]"
"user-0127","123","0","comment-001990","[评论内容已隐藏]"
"user-0064","82","0","comment-000774","[评论内容已隐藏]"
"user-0131","43","0","comment-001783","[评论内容已隐藏]"
"user-0210","93","720","","[评论内容已隐藏]"
"user-0084","104","840","","[评论内容已隐藏]"
"user-0004","227","850","","[评论内容已隐藏]"
"user-0026","58","350","","[评论内容已隐藏]"
"user-0058","65","700","","[评论内容已隐藏]"
"user-0177","235","750","","[评论内容已隐藏]"
"user-0059","141","740","","[评论内容已隐藏]"
"user-0012","218","780","","[评论内容已隐藏]"
"user-0215","211","0","comment-001607","[评论内容已隐藏]"
"user-0142","213","750","","[评论内容已隐藏]"
"user-0052","197","0","comment-000885","[评论内容已隐藏]"
"user-0063","99","600","","[评论内容已隐藏]"
"user-0083","36","720","","[评论内容已隐藏]"
"user-0078","187","880","","[评论内容已隐藏]"
"user-0022","206","830","","[评论内容已隐藏]"
"user-0187","142","620","","[评论内容已隐藏]"
"user-0192","228","810","","[评论内容已隐藏]"
"user-0055","174","0","comment-000007","[评论内容已隐藏]"
"user-0133","208","500","","[评论内容已隐藏]"
"user-0081","87","0","comment-003150","[评论内容已隐藏]"
"user-0034","182","750","","[评论内容已隐藏]"
"user-0088","148","0","comment-001474","[评论内容已隐藏]"
"user-0148","82","720","","[评论内容已隐藏]"
"user-0024","155","700","","[评论内容已隐藏]"
"user-0026","19","780","","[评论内容已隐藏]"
"user-0176","61","0","comment-000724","[评论内容已隐藏]"
"user-0033","154","800","","[评论内容已隐藏]"
"user-0084","229","630","","[评论内容已隐藏]"
"user-0043","178","0","comment-001308","[评论内容已隐藏]"
"user-0040","118","740","","[评论内容已隐藏]"
"user-0004","5","0","comment-001304","[评论内容已隐藏]"
"user-0112","76","670","","[评论内容已隐藏]"
"user-0226","217","870","","[评论内容已隐藏]"
"user-0220","30","610","","[评论内容已隐藏]"
"user-0122","193","670","","[评论内容已隐藏]"
"user-0053","1","730","","[评论内容已隐藏]"
"user-0139","126","810","","[评论内容已隐藏]"
"user-0215","234","590","","[评论内容已隐藏]"
"user-0039","233","680","","[评论内容已隐藏]"
"user-0178","189","850","","[评论内容已隐藏]"
"user-0094","139","790","","[评论内容已隐藏]"
"user-0101","56","500","","[评论内容已隐藏]"
"user-0075","140","0","comment-000099","[评论内容已隐藏]"
"user-0104","49","0","comment-000131","[评论内容已隐藏]"
"user-0020","65","740","","[评论内容已隐藏]"
"user-0084","84","730","","[评论内容已隐藏]"
"user-0042","240","790","","[评论内容已隐藏]"
"user-0113","32","740","","[评论内容已隐藏]"
"user-0136","147","450","","[评论内容已隐藏]"
"user-0013","86","700","","[评论内容已隐藏]"
"user-0180","210","550","","[评论内容已隐藏]"
"user-0207","127","800","","[评论内容已隐藏]"
"user-0031","92","780","","[评论内容已隐藏]"
"user-0135","21","660","","[评论内容已隐藏]"
"user-0147","207","0","comment-001107","[评论内容已隐藏]"
"user-0011","123","870","","[评论内容已隐藏]"
"user-0220","31","0","comment-001906","[评论内容已隐藏]"
"user-0016","128","700","","[评论内容已隐藏]"
"user-0004","5","0","comment-001942","[评论内容已隐藏]"
"user-0116","82","700","","[评论内容已隐藏]"
"user-0182","167","800","","[评论内容已隐藏]"
"user-0213","111","550","","[评论内容已隐藏]"
"user-0072","97","600","","[评论内容已隐藏]"
"user-0077","185","740","","[评论内容已隐藏]"
"user-0026","125","650","","[评论内容已隐藏]"
"user-0218","25","770","","[评论内容已隐藏]"
"user-0047","167","850","","[评论内容已隐藏]"
"user-0004","95","600","","[评论内容已隐藏]"
"user-0130","24","750","","[评论内容已隐藏]"
"user-0111","204","0","comment-000372","[评论内容已隐藏]"
"user-0123","176","640","","[评论内容已隐藏]"
"user-0042","215","800","","[评论内容已隐藏]"
"user-0037","131","880","","[评论内容已隐藏]"
"user-0226","52","830","","[评论内容已隐藏]"
"user-0180","101","760","","[评论内容已隐藏]"
"user-0022","81","750","","[评论内容已隐藏]"
"user-0212","38","650","","[评论内容已隐藏]"
"user-0002","31","800","","[评论内容已隐藏]"
"user-0091","36","0","comment-000487","[评论内容已隐藏]"
"user-0090","202","830","","[评论内容已隐藏]"
"user-0210","37","700","","[评论内容已隐藏]"
"user-0095","16","700","","[评论内容已隐藏]"
"user-0022","91","820","","[评论内容已隐藏]"
"user-0143","185","900","","[评论内容已隐藏]"
"user-0137","117","610","","[评论内容已隐藏]"
"user-0116","132","880","","[评论内容已隐藏]"
"user-0228","110","610","","[评论内容已隐藏]"
"user-0156","24","710","","[评论内容已隐藏]"
"user-0066","212","620","","[评论内容已隐藏]"
"user-0212","60","0","comment-000163","[评论内容已隐藏]"
"user-0166","165","760","","[评论内容已隐藏]"
"user-0079","85","0","comment-000233","[评论内容已隐藏]"
"user-0074","175","0","comment-002592","[评论内容已隐藏]"
"user-0061","10","0","comment-001400","[评论内容已隐藏]"
"user-0015","88","650","","[评论内容已隐藏]"
"user-0054","150","650","","[评论内容已隐藏]"
"user-0129","192","750","","[评论内容已隐藏]"
"user-0122","69","850","","[评论内容已隐藏]"
"user-0110","37","800","","[评论内容已隐藏]"
"user-0116","17","820","","[评论内容已隐藏]"
"user-0090","224","0","comment-000634","[评论内容已隐藏]"
"user-0044","235","750","","[评论内容已隐藏]"
"user-0067","54","770","","[评论内容已隐藏]"
"user-0010","15","0","comment-002378","[评论内容已隐藏]"
"user-0208","132","820","","[评论内容已隐藏]"
"user-0003","120","750","","[评论内容已隐藏]"
"user-0059","159","700","","[评论内容已隐藏]"
"user-0043","178","0","comment-001308","[评论内容已隐藏]"
"user-0152","94","710","","[评论内容已隐藏]"
"user-0002","21","700","","[评论内容已隐藏]"
"user-0183","105","750","","[评论内容已隐藏]"
"user-0166","238","900","","[评论内容已隐藏]"
"user-0004","5","700","","[评论内容已隐藏]"
"user-0053","5","730","","[评论内容已隐藏]"
"user-0018","20","610","","[评论内容已隐藏]"
"user-0131","28","740","","[评论内容已隐藏]"
"user-0197","91","880","","[评论内容已隐藏]"
"user-0111","207","710","","[评论内容已隐藏]"
"user-0092","240","750","","[评论内容已隐藏]"
"user-0087","27","820","","[评论内容已隐藏]"
"user-0137","194","730","","[评论内容已隐藏]"
"user-0112","117","660","","[评论内容已隐藏]"
"user-0013","176","0","comment-003085","[评论内容已隐藏]"
"user-0099","136","840","","[评论内容已隐藏]"
"user-0126","217","780","","[评论内容已隐藏]"
"user-0118","169","0","comment-001108","[评论内容已隐藏]"
"user-0218","21","740","","[评论内容已隐藏]"
"user-0149","139","0","comment-ref-000030","[评论内容已隐藏]"
"user-0174","91","670","","[评论内容已隐藏]"
"user-0072","137","680","","[评论内容已隐藏]"
"user-0060","199","840","","[评论内容已隐藏]"
"user-0034","203","850","","[评论内容已隐藏]"
"user-0027","66","0","comment-000881","[评论内容已隐藏]"
"user-0048","178","0","comment-000306","[评论内容已隐藏]"
"user-0019","224","0","comment-000553","[评论内容已隐藏]"
"user-0171","39","690","","[评论内容已隐藏]"
"user-0010","32","850","","[评论内容已隐藏]"
"user-0121","156","700","","[评论内容已隐藏]"
"user-0046","232","750","","[评论内容已隐藏]"
"user-0184","27","0","comment-001770","[评论内容已隐藏]"
"user-0152","114","600","","[评论内容已隐藏]"
"user-0084","18","0","comment-001619","[评论内容已隐藏]"
"user-0153","58","450","","[评论内容已隐藏]"
"user-0172","209","800","","[评论内容已隐藏]"
"user-0081","87","0","comment-002999","[评论内容已隐藏]"
"user-0165","209","620","","[评论内容已隐藏]"
"user-0051","62","350","","[评论内容已隐藏]"
"user-0008","211","960","","[评论内容已隐藏]"
"user-0060","183","900","","[评论内容已隐藏]"
"user-0198","115","650","","[评论内容已隐藏]"
"user-0147","226","0","comment-002080","[评论内容已隐藏]"
"user-0151","25","0","comment-001793","[评论内容已隐藏]"
"user-0116","176","710","","[评论内容已隐藏]"
"user-0163","228","900","","[评论内容已隐藏]"
"user-0132","117","0","comment-001098","[评论内容已隐藏]"
"user-0126","199","950","","[评论内容已隐藏]"
"user-0220","10","740","","[评论内容已隐藏]"
"user-0053","5","0","comment-001942","[评论内容已隐藏]"
"user-0194","158","740","","[评论内容已隐藏]"
"user-0095","124","650","","[评论内容已隐藏]"
"user-0177","32","650","","[评论内容已隐藏]"
"user-0114","123","840","","[评论内容已隐藏]"
"user-0112","75","500","","[评论内容已隐藏]"
"user-0094","162","820","","[评论内容已隐藏]"
"user-0142","179","720","","[评论内容已隐藏]"
"user-0098","119","760","","[评论内容已隐藏]"
"user-0068","84","740","","[评论内容已隐藏]"
"user-0007","170","910","","[评论内容已隐藏]"
"user-0052","197","0","comment-000511","[评论内容已隐藏]"
"user-0005","189","0","comment-000664","[评论内容已隐藏]"
"user-0090","200","760","","[评论内容已隐藏]"
"user-0127","123","0","comment-000386","[评论内容已隐藏]"
"user-0103","23","730","","[评论内容已隐藏]"
"user-0092","198","0","comment-002591","[评论内容已隐藏]"
"user-0034","170","0","comment-000841","[评论内容已隐藏]"
"user-0026","35","600","","[评论内容已隐藏]"
"user-0152","37","0","comment-000194","[评论内容已隐藏]"
"user-0036","195","750","","[评论内容已隐藏]"
"user-0122","108","650","","[评论内容已隐藏]"
"user-0121","145","750","","[评论内容已隐藏]"
"user-0020","71","670","","[评论内容已隐藏]"
"user-0208","9","560","","[评论内容已隐藏]"
"user-0048","239","450","","[评论内容已隐藏]"
"user-0149","139","0","comment-002565","[评论内容已隐藏]"
"user-0172","230","900","","[评论内容已隐藏]"
"user-0055","175","940","","[评论内容已隐藏]"
"user-0050","32","700","","[评论内容已隐藏]"
"user-0049","44","670","","[评论内容已隐藏]"
"user-0178","137","650","","[评论内容已隐藏]"
"user-0057","234","650","","[评论内容已隐藏]"
"user-0221","168","680","","[评论内容已隐藏]"
"user-0104","49","0","comment-001421","[评论内容已隐藏]"
"user-0155","19","820","","[评论内容已隐藏]"
"user-0204","186","730","","[评论内容已隐藏]"
"user-0155","151","620","","[评论内容已隐藏]"
"user-0143","162","830","","[评论内容已隐藏]"
"user-0226","220","890","","[评论内容已隐藏]"
"user-0060","185","0","comment-ref-000031","[评论内容已隐藏]"
"user-0009","32","750","","[评论内容已隐藏]"
"user-0042","175","780","","[评论内容已隐藏]"
"user-0106","13","750","","[评论内容已隐藏]"
"user-0088","24","680","","[评论内容已隐藏]"
"user-0195","227","0","comment-001499","[评论内容已隐藏]"
"user-0018","17","850","","[评论内容已隐藏]"
"user-0220","20","700","","[评论内容已隐藏]"
"user-0053","57","580","","[评论内容已隐藏]"
"user-0063","42","620","","[评论内容已隐藏]"
"user-0133","213","720","","[评论内容已隐藏]"
"user-0116","215","880","","[评论内容已隐藏]"
"user-0142","164","540","","[评论内容已隐藏]"
"user-0061","8","620","","[评论内容已隐藏]"
"user-0072","48","250","","[评论内容已隐藏]"
"user-0041","47","660","","[评论内容已隐藏]"
"user-0081","224","960","","[评论内容已隐藏]"
"user-0127","139","960","","[评论内容已隐藏]"
"user-0063","100","600","","[评论内容已隐藏]"
"user-0136","107","700","","[评论内容已隐藏]"
"user-0056","30","590","","[评论内容已隐藏]"
"user-0005","116","980","","[评论内容已隐藏]"
"user-0132","117","0","comment-001913","[评论内容已隐藏]"
"user-0151","25","0","comment-002811","[评论内容已隐藏]"
"user-0224","188","700","","[评论内容已隐藏]"
"user-0161","16","680","","[评论内容已隐藏]"
"user-0163","220","0","comment-003149","[评论内容已隐藏]"
"user-0002","21","0","comment-000842","[评论内容已隐藏]"
"user-0058","189","800","","[评论内容已隐藏]"
"user-0118","1","600","","[评论内容已隐藏]"
"user-0089","127","0","comment-002405","[评论内容已隐藏]"
"user-0173","18","760","","[评论内容已隐藏]"
"user-0107","185","0","comment-ref-000022","[评论内容已隐藏]"
"user-0202","231","800","","[评论内容已隐藏]"
"user-0040","46","530","","[评论内容已隐藏]"
"user-0004","5","0","comment-003072","[评论内容已隐藏]"
"user-0112","191","760","","[评论内容已隐藏]"
"user-0148","153","770","","[评论内容已隐藏]"
"user-0018","54","0","comment-001219","[评论内容已隐藏]"
"user-0026","87","800","","[评论内容已隐藏]"
"user-0201","226","820","","[评论内容已隐藏]"
"user-0060","166","830","","[评论内容已隐藏]"
"user-0036","189","790","","[评论内容已隐藏]"
"user-0139","35","600","","[评论内容已隐藏]"
"user-0118","169","0","comment-000418","[评论内容已隐藏]"
"user-0207","128","790","","[评论内容已隐藏]"
"user-0100","159","720","","[评论内容已隐藏]"
"user-0088","31","690","","[评论内容已隐藏]"
"user-0094","123","710","","[评论内容已隐藏]"
"user-0050","202","0","comment-002789","[评论内容已隐藏]"
"user-0107","109","910","","[评论内容已隐藏]"
"user-0096","57","0","comment-000328","[评论内容已隐藏]"
"user-0026","133","300","","[评论内容已隐藏]"
"user-0086","172","760","","[评论内容已隐藏]"
"user-0161","226","800","","[评论内容已隐藏]"
"user-0059","157","850","","[评论内容已隐藏]"
"user-0167","25","720","","[评论内容已隐藏]"
"user-0170","32","780","","[评论内容已隐藏]"
"user-0060","184","900","","[评论内容已隐藏]"
"user-0137","119","550","","[评论内容已隐藏]"
"user-0081","37","0","comment-000769","[评论内容已隐藏]"
"user-0026","146","100","","[评论内容已隐藏]"
"user-0068","89","590","","[评论内容已隐藏]"
"user-0135","98","700","","[评论内容已隐藏]"
"user-0136","162","100","","[评论内容已隐藏]"
"user-0067","56","0","comment-000046","[评论内容已隐藏]"
"user-0051","114","650","","[评论内容已隐藏]"
"user-0024","219","0","comment-001274","[评论内容已隐藏]"
"user-0026","80","660","","[评论内容已隐藏]"
"user-0180","212","450","","[评论内容已隐藏]"
"user-0004","5","0","comment-002132","[评论内容已隐藏]"
"user-0204","184","820","","[评论内容已隐藏]"
"user-0078","159","660","","[评论内容已隐藏]"
"user-0037","116","880","","[评论内容已隐藏]"
"user-0037","69","900","","[评论内容已隐藏]"
"user-0180","211","790","","[评论内容已隐藏]"
"user-0107","153","700","","[评论内容已隐藏]"
"user-0138","89","770","","[评论内容已隐藏]"
"user-0138","116","0","comment-ref-000032","[评论内容已隐藏]"
"user-0009","9","0","comment-002507","[评论内容已隐藏]"
"user-0073","160","500","","[评论内容已隐藏]"
"user-0134","98","850","","[评论内容已隐藏]"
"user-0067","56","0","comment-003120","[评论内容已隐藏]"
"user-0105","73","690","","[评论内容已隐藏]"
"user-0026","137","660","","[评论内容已隐藏]"
"user-0002","21","0","comment-001955","[评论内容已隐藏]"
"user-0053","190","100","","[评论内容已隐藏]"
"user-0060","181","730","","[评论内容已隐藏]"
"user-0016","241","0","comment-002671","[评论内容已隐藏]"
"user-0057","158","680","","[评论内容已隐藏]"
"user-0077","44","690","","[评论内容已隐藏]"
"user-0126","170","900","","[评论内容已隐藏]"
"user-0071","234","600","","[评论内容已隐藏]"
"user-0185","71","600","","[评论内容已隐藏]"
"user-0016","127","800","","[评论内容已隐藏]"
"user-0084","89","870","","[评论内容已隐藏]"
"user-0090","78","900","","[评论内容已隐藏]"
"user-0102","44","810","","[评论内容已隐藏]"
"user-0063","6","0","comment-000701","[评论内容已隐藏]"
"user-0066","166","820","","[评论内容已隐藏]"
"user-0105","160","460","","[评论内容已隐藏]"
"user-0142","145","620","","[评论内容已隐藏]"
"user-0211","44","670","","[评论内容已隐藏]"
"user-0028","28","0","comment-001054","[评论内容已隐藏]"
"user-0017","52","0","comment-002289","[评论内容已隐藏]"
"user-0010","34","750","","[评论内容已隐藏]"
"user-0148","5","700","","[评论内容已隐藏]"
"user-0213","130","0","comment-002839","[评论内容已隐藏]"
"user-0095","99","440","","[评论内容已隐藏]"
"user-0042","207","0","comment-002782","[评论内容已隐藏]"
"user-0118","45","200","","[评论内容已隐藏]"
"user-0198","82","600","","[评论内容已隐藏]"
"user-0161","200","0","comment-000568","[评论内容已隐藏]"
"user-0020","59","800","","[评论内容已隐藏]"
"user-0121","106","0","comment-000026","[评论内容已隐藏]"
"user-0074","171","600","","[评论内容已隐藏]"
"user-0182","161","730","","[评论内容已隐藏]"
"user-0048","156","650","","[评论内容已隐藏]"
"user-0015","23","0","comment-003199","[评论内容已隐藏]"
"user-0116","210","620","","[评论内容已隐藏]"
"user-0066","233","0","comment-000878","[评论内容已隐藏]"
"user-0169","99","450","","[评论内容已隐藏]"
"user-0061","11","740","","[评论内容已隐藏]"
"user-0102","30","610","","[评论内容已隐藏]"
"user-0082","75","730","","[评论内容已隐藏]"
"user-0136","211","950","","[评论内容已隐藏]"
"user-0165","181","920","","[评论内容已隐藏]"
"user-0022","130","700","","[评论内容已隐藏]"
"user-0212","158","730","","[评论内容已隐藏]"
"user-0118","157","680","","[评论内容已隐藏]"
"user-0021","69","0","comment-002768","[评论内容已隐藏]"
"user-0121","203","720","","[评论内容已隐藏]"
"user-0058","61","830","","[评论内容已隐藏]"
"user-0067","56","0","comment-000369","[评论内容已隐藏]"
"user-0002","21","730","","[评论内容已隐藏]"
"user-0088","83","720","","[评论内容已隐藏]"
"user-0104","101","750","","[评论内容已隐藏]"
"user-0087","50","0","comment-002797","[评论内容已隐藏]"
"user-0151","25","0","comment-002704","[评论内容已隐藏]"
"user-0036","107","690","","[评论内容已隐藏]"
"user-0042","194","760","","[评论内容已隐藏]"
"user-0161","192","700","","[评论内容已隐藏]"
"user-0115","144","620","","[评论内容已隐藏]"
"user-0150","129","820","","[评论内容已隐藏]"
"user-0095","211","850","","[评论内容已隐藏]"
"user-0140","131","910","","[评论内容已隐藏]"
"user-0115","155","0","comment-000345","[评论内容已隐藏]"
"user-0054","217","740","","[评论内容已隐藏]"
"user-0009","9","0","comment-002716","[评论内容已隐藏]"
"user-0099","85","630","","[评论内容已隐藏]"
"user-0008","212","650","","[评论内容已隐藏]"
"user-0129","116","820","","[评论内容已隐藏]"
"user-0118","169","0","comment-001455","[评论内容已隐藏]"
"user-0091","36","0","comment-002511","[评论内容已隐藏]"
"user-0031","92","0","comment-002905","[评论内容已隐藏]"
"user-0050","18","500","","[评论内容已隐藏]"
"user-0089","109","0","comment-002945","[评论内容已隐藏]"
"user-0061","68","720","","[评论内容已隐藏]"
"user-0107","192","820","","[评论内容已隐藏]"
"user-0098","74","0","comment-002763","[评论内容已隐藏]"
"user-0079","87","660","","[评论内容已隐藏]"
"user-0152","35","320","","[评论内容已隐藏]"
"user-0050","180","620","","[评论内容已隐藏]"
"user-0228","206","800","","[评论内容已隐藏]"
"user-0039","195","890","","[评论内容已隐藏]"
"user-0088","138","670","","[评论内容已隐藏]"
"user-0022","101","770","","[评论内容已隐藏]"
"user-0167","113","720","","[评论内容已隐藏]"
"user-0176","14","700","","[评论内容已隐藏]"
"user-0053","154","750","","[评论内容已隐藏]"
"user-0154","107","730","","[评论内容已隐藏]"
"user-0132","30","380","","[评论内容已隐藏]"
"user-0050","212","470","","[评论内容已隐藏]"
"user-0048","196","810","","[评论内容已隐藏]"
"user-0118","197","960","","[评论内容已隐藏]"
"user-0011","158","780","","[评论内容已隐藏]"
"user-0169","150","0","comment-001720","[评论内容已隐藏]"
"user-0065","126","850","","[评论内容已隐藏]"
"user-0101","20","530","","[评论内容已隐藏]"
"user-0124","152","590","","[评论内容已隐藏]"
"user-0131","106","670","","[评论内容已隐藏]"
"user-0055","174","0","comment-002656","[评论内容已隐藏]"
"user-0113","27","0","comment-000960","[评论内容已隐藏]"
"user-0109","61","670","","[评论内容已隐藏]"
"user-0074","175","0","comment-002592","[评论内容已隐藏]"
"user-0185","19","850","","[评论内容已隐藏]"
"user-0107","194","590","","[评论内容已隐藏]"
"user-0070","191","860","","[评论内容已隐藏]"
"user-0126","131","740","","[评论内容已隐藏]"
"user-0164","181","890","","[评论内容已隐藏]"
"user-0121","216","800","","[评论内容已隐藏]"
"user-0018","29","700","","[评论内容已隐藏]"
"user-0201","225","730","","[评论内容已隐藏]"
"user-0142","130","680","","[评论内容已隐藏]"
"user-0025","85","550","","[评论内容已隐藏]"
"user-0057","37","720","","[评论内容已隐藏]"
"user-0004","197","0","comment-000885","[评论内容已隐藏]"
"user-0118","14","900","","[评论内容已隐藏]"
"user-0063","6","0","comment-002542","[评论内容已隐藏]"
"user-0147","214","350","","[评论内容已隐藏]"
"user-0163","37","820","","[评论内容已隐藏]"
"user-0017","52","0","comment-ref-000033","[评论内容已隐藏]"
"user-0115","119","650","","[评论内容已隐藏]"
"user-0100","128","590","","[评论内容已隐藏]"
"user-0022","116","800","","[评论内容已隐藏]"
"user-0075","142","500","","[评论内容已隐藏]"
"user-0105","235","720","","[评论内容已隐藏]"
"user-0055","174","0","comment-002516","[评论内容已隐藏]"
"user-0135","65","0","comment-001806","[评论内容已隐藏]"
"user-0050","143","430","","[评论内容已隐藏]"
"user-0067","56","600","","[评论内容已隐藏]"
"user-0042","69","950","","[评论内容已隐藏]"
"user-0021","69","0","comment-001414","[评论内容已隐藏]"
"user-0026","114","600","","[评论内容已隐藏]"
"user-0026","60","450","","[评论内容已隐藏]"
"user-0082","227","960","","[评论内容已隐藏]"
"user-0206","42","720","","[评论内容已隐藏]"
"user-0134","111","660","","[评论内容已隐藏]"
"user-0138","9","830","","[评论内容已隐藏]"
"user-0042","207","0","comment-002597","[评论内容已隐藏]"
"user-0067","5","750","","[评论内容已隐藏]"
"user-0072","42","710","","[评论内容已隐藏]"
"user-0207","96","760","","[评论内容已隐藏]"
"user-0036","32","0","comment-001989","[评论内容已隐藏]"
"user-0026","67","200","","[评论内容已隐藏]"
"user-0138","116","0","comment-ref-000032","[评论内容已隐藏]"
"user-0166","233","840","","[评论内容已隐藏]"
"user-0022","45","640","","[评论内容已隐藏]"
"user-0155","143","670","","[评论内容已隐藏]"
"user-0043","141","720","","[评论内容已隐藏]"
"user-0063","66","740","","[评论内容已隐藏]"
"user-0030","236","0","comment-002361","[评论内容已隐藏]"
"user-0106","89","720","","[评论内容已隐藏]"
"user-0102","51","570","","[评论内容已隐藏]"
"user-0160","139","820","","[评论内容已隐藏]"
"user-0044","157","0","comment-000661","[评论内容已隐藏]"
"user-0112","132","900","","[评论内容已隐藏]"
"user-0027","16","0","comment-002382","[评论内容已隐藏]"
"user-0165","122","820","","[评论内容已隐藏]"
"user-0188","89","810","","[评论内容已隐藏]"
"user-0019","223","460","","[评论内容已隐藏]"
"user-0072","28","0","comment-003207","[评论内容已隐藏]"
"user-0176","61","0","comment-001157","[评论内容已隐藏]"
"user-0034","170","0","comment-000988","[评论内容已隐藏]"
"user-0044","209","680","","[评论内容已隐藏]"
"user-0011","78","810","","[评论内容已隐藏]"
"user-0072","170","950","","[评论内容已隐藏]"
"user-0133","180","620","","[评论内容已隐藏]"
"user-0142","174","870","","[评论内容已隐藏]"
"user-0074","179","600","","[评论内容已隐藏]"
"user-0052","97","470","","[评论内容已隐藏]"
"user-0202","130","840","","[评论内容已隐藏]"
"user-0109","215","0","comment-ref-000034","[评论内容已隐藏]"
"user-0137","135","720","","[评论内容已隐藏]"
"user-0127","123","0","comment-000997","[评论内容已隐藏]"
"user-0057","77","780","","[评论内容已隐藏]"
"user-0215","240","680","","[评论内容已隐藏]"
"user-0190","87","0","comment-003150","[评论内容已隐藏]"
"user-0176","86","700","","[评论内容已隐藏]"
"user-0007","177","730","","[评论内容已隐藏]"
"user-0181","70","830","","[评论内容已隐藏]"
"user-0189","101","790","","[评论内容已隐藏]"
"user-0067","34","680","","[评论内容已隐藏]"
"user-0154","52","790","","[评论内容已隐藏]"
"user-0143","91","720","","[评论内容已隐藏]"
"user-0039","170","740","","[评论内容已隐藏]"
"user-0026","155","680","","[评论内容已隐藏]"
"user-0084","5","0","comment-003072","[评论内容已隐藏]"
"user-0030","196","850","","[评论内容已隐藏]"
"user-0006","208","560","","[评论内容已隐藏]"
"user-0113","111","670","","[评论内容已隐藏]"
"user-0013","174","740","","[评论内容已隐藏]"
"user-0109","202","760","","[评论内容已隐藏]"
"user-0064","79","680","","[评论内容已隐藏]"
"user-0103","35","0","comment-000289","[评论内容已隐藏]"
"user-0140","81","850","","[评论内容已隐藏]"
"user-0209","149","790","","[评论内容已隐藏]"
"user-0071","237","950","","[评论内容已隐藏]"
"user-0025","15","750","","[评论内容已隐藏]"
"user-0030","198","850","","[评论内容已隐藏]"
"user-0193","59","480","","[评论内容已隐藏]"
"user-0171","93","0","comment-000367","[评论内容已隐藏]"
"user-0069","130","650","","[评论内容已隐藏]"
"user-0165","208","590","","[评论内容已隐藏]"
"user-0082","40","0","comment-000090","[评论内容已隐藏]"
"user-0060","240","850","","[评论内容已隐藏]"
"user-0192","70","750","","[评论内容已隐藏]"
"user-0047","181","0","comment-000440","[评论内容已隐藏]"
"user-0099","43","590","","[评论内容已隐藏]"
"user-0024","219","0","comment-002330","[评论内容已隐藏]"
"user-0126","81","720","","[评论内容已隐藏]"
"user-0130","26","0","comment-001656","[评论内容已隐藏]"
"user-0141","182","600","","[评论内容已隐藏]"
"user-0044","168","0","comment-001548","[评论内容已隐藏]"
"user-0158","65","630","","[评论内容已隐藏]"
"user-0096","81","700","","[评论内容已隐藏]"
"user-0120","63","850","","[评论内容已隐藏]"
"user-0102","16","0","comment-002382","[评论内容已隐藏]"
"user-0050","202","0","comment-002687","[评论内容已隐藏]"
"user-0152","37","0","comment-003220","[评论内容已隐藏]"
"user-0221","141","0","comment-000177","[评论内容已隐藏]"
"user-0123","164","620","","[评论内容已隐藏]"
"user-0165","186","710","","[评论内容已隐藏]"
"user-0130","26","0","comment-001373","[评论内容已隐藏]"
"user-0047","219","580","","[评论内容已隐藏]"
"user-0139","43","610","","[评论内容已隐藏]"
"user-0076","77","760","","[评论内容已隐藏]"
"user-0157","67","500","","[评论内容已隐藏]"
"user-0059","111","490","","[评论内容已隐藏]"
"user-0004","5","0","comment-000214","[评论内容已隐藏]"
"user-0180","236","0","comment-001808","[评论内容已隐藏]"
"user-0143","116","880","","[评论内容已隐藏]"
"user-0043","41","700","","[评论内容已隐藏]"
"user-0194","124","450","","[评论内容已隐藏]"
"user-0061","10","0","comment-000435","[评论内容已隐藏]"
"user-0036","115","800","","[评论内容已隐藏]"
"user-0038","218","780","","[评论内容已隐藏]"
"user-0084","215","830","","[评论内容已隐藏]"
"user-0160","182","750","","[评论内容已隐藏]"
"user-0008","220","730","","[评论内容已隐藏]"
"user-0161","226","0","comment-002080","[评论内容已隐藏]"
"user-0140","93","670","","[评论内容已隐藏]"
"user-0104","218","800","","[评论内容已隐藏]"
"user-0081","23","750","","[评论内容已隐藏]"
"user-0026","2","500","","[评论内容已隐藏]"
"user-0076","146","200","","[评论内容已隐藏]"
"user-0178","197","900","","[评论内容已隐藏]"
"user-0119","11","680","","[评论内容已隐藏]"
"user-0045","100","620","","[评论内容已隐藏]"
"user-0123","208","590","","[评论内容已隐藏]"
"user-0198","149","660","","[评论内容已隐藏]"
"user-0007","239","500","","[评论内容已隐藏]"
"user-0083","56","550","","[评论内容已隐藏]"
"user-0086","186","0","comment-001163","[评论内容已隐藏]"
"user-0044","225","600","","[评论内容已隐藏]"
"user-0030","236","650","","[评论内容已隐藏]"
"user-0147","173","740","","[评论内容已隐藏]"
"user-0202","165","0","comment-001199","[评论内容已隐藏]"
"user-0036","32","0","comment-ref-000035","[评论内容已隐藏]"
"user-0011","221","800","","[评论内容已隐藏]"
"user-0003","18","720","","[评论内容已隐藏]"
"user-0112","76","0","comment-002766","[评论内容已隐藏]"
"user-0047","134","950","","[评论内容已隐藏]"
"user-0100","205","800","","[评论内容已隐藏]"
"user-0094","183","890","","[评论内容已隐藏]"
"user-0076","80","0","comment-000484","[评论内容已隐藏]"
"user-0109","76","700","","[评论内容已隐藏]"
"user-0088","148","0","comment-000888","[评论内容已隐藏]"
"user-0224","151","640","","[评论内容已隐藏]"
"user-0022","21","500","","[评论内容已隐藏]"
"user-0165","12","740","","[评论内容已隐藏]"
"user-0044","168","0","comment-001409","[评论内容已隐藏]"
"user-0040","15","630","","[评论内容已隐藏]"
"user-0126","160","200","","[评论内容已隐藏]"
"user-0206","241","780","","[评论内容已隐藏]"
"user-0102","8","580","","[评论内容已隐藏]"
"user-0027","16","700","","[评论内容已隐藏]"
"user-0055","173","940","","[评论内容已隐藏]"
"user-0022","63","750","","[评论内容已隐藏]"
"user-0156","140","590","","[评论内容已隐藏]"
"user-0012","233","690","","[评论内容已隐藏]"
"user-0047","181","100","","[评论内容已隐藏]"
"user-0190","122","680","","[评论内容已隐藏]"
"user-0055","162","770","","[评论内容已隐藏]"
"user-0059","68","620","","[评论内容已隐藏]"
"user-0140","119","650","","[评论内容已隐藏]"
"user-0034","205","840","","[评论内容已隐藏]"
"user-0071","231","0","comment-000700","[评论内容已隐藏]"
"user-0048","45","100","","[评论内容已隐藏]"
"user-0021","69","0","comment-000782","[评论内容已隐藏]"
"user-0022","78","0","comment-001183","[评论内容已隐藏]"
"user-0027","66","0","comment-002564","[评论内容已隐藏]"
"user-0070","199","860","","[评论内容已隐藏]"
"user-0025","140","650","","[评论内容已隐藏]"
"user-0142","167","720","","[评论内容已隐藏]"
"user-0112","109","840","","[评论内容已隐藏]"
"user-0119","71","800","","[评论内容已隐藏]"
"user-0184","26","800","","[评论内容已隐藏]"
"user-0037","206","0","comment-000497","[评论内容已隐藏]"
"user-0089","127","780","","[评论内容已隐藏]"
"user-0051","15","550","","[评论内容已隐藏]"
"user-0077","203","700","","[评论内容已隐藏]"
"user-0148","239","600","","[评论内容已隐藏]"
"user-0110","34","650","","[评论内容已隐藏]"
"user-0151","91","800","","[评论内容已隐藏]"
"user-0169","177","700","","[评论内容已隐藏]"
"user-0151","98","850","","[评论内容已隐藏]"
"user-0123","220","800","","[评论内容已隐藏]"
"user-0047","73","720","","[评论内容已隐藏]"
"user-0039","31","650","","[评论内容已隐藏]"
"user-0053","190","100","","[评论内容已隐藏]"
"user-0129","156","760","","[评论内容已隐藏]"
"user-0049","53","630","","[评论内容已隐藏]"
"user-0081","11","400","","[评论内容已隐藏]"
"user-0122","214","400","","[评论内容已隐藏]"
"user-0109","24","720","","[评论内容已隐藏]"
"user-0060","182","0","comment-002528","[评论内容已隐藏]"
"user-0220","33","300","","[评论内容已隐藏]"
"user-0009","178","710","","[评论内容已隐藏]"
"user-0064","143","670","","[评论内容已隐藏]"
"user-0028","48","780","","[评论内容已隐藏]"
"user-0100","158","0","comment-002115","[评论内容已隐藏]"
"user-0098","74","0","comment-000346","[评论内容已隐藏]"
"user-0096","6","700","","[评论内容已隐藏]"
"user-0004","5","0","comment-000958","[评论内容已隐藏]"
"user-0029","145","670","","[评论内容已隐藏]"
"user-0123","203","760","","[评论内容已隐藏]"
"user-0186","176","700","","[评论内容已隐藏]"
"user-0158","128","710","","[评论内容已隐藏]"
"user-0224","190","780","","[评论内容已隐藏]"
"user-0011","228","880","","[评论内容已隐藏]"
"user-0030","225","660","","[评论内容已隐藏]"
"user-0002","21","800","","[评论内容已隐藏]"
"user-0002","21","0","comment-002723","[评论内容已隐藏]"
"user-0111","212","600","","[评论内容已隐藏]"
"user-0072","79","550","","[评论内容已隐藏]"
"user-0092","185","930","","[评论内容已隐藏]"
"user-0183","142","0","comment-000378","[评论内容已隐藏]"
"user-0052","197","0","comment-ref-000036","[评论内容已隐藏]"
"user-0018","54","0","comment-ref-000037","[评论内容已隐藏]"
"user-0089","214","350","","[评论内容已隐藏]"
"user-0204","177","720","","[评论内容已隐藏]"
"user-0166","231","830","","[评论内容已隐藏]"
"user-0005","164","300","","[评论内容已隐藏]"
"user-0072","70","0","comment-001237","[评论内容已隐藏]"
"user-0053","92","800","","[评论内容已隐藏]"
"user-0140","129","800","","[评论内容已隐藏]"
"user-0096","57","0","comment-003167","[评论内容已隐藏]"
"user-0082","40","0","comment-000444","[评论内容已隐藏]"
"user-0002","84","400","","[评论内容已隐藏]"
"user-0005","205","830","","[评论内容已隐藏]"
"user-0152","104","680","","[评论内容已隐藏]"
"user-0116","196","820","","[评论内容已隐藏]"
"user-0176","61","0","comment-000249","[评论内容已隐藏]"
"user-0082","40","0","comment-003107","[评论内容已隐藏]"
"user-0084","163","640","","[评论内容已隐藏]"
"user-0067","56","650","","[评论内容已隐藏]"
"user-0220","14","950","","[评论内容已隐藏]"
"user-0121","106","0","comment-002505","[评论内容已隐藏]"
"user-0086","216","730","","[评论内容已隐藏]"
"user-0139","166","670","","[评论内容已隐藏]"
"user-0027","120","500","","[评论内容已隐藏]"
"user-0064","125","610","","[评论内容已隐藏]"
"user-0096","92","680","","[评论内容已隐藏]"
"user-0019","222","740","","[评论内容已隐藏]"
"user-0076","80","0","comment-001583","[评论内容已隐藏]"
"user-0079","85","0","comment-002220","[评论内容已隐藏]"
"user-0004","54","850","","[评论内容已隐藏]"
"user-0032","158","820","","[评论内容已隐藏]"
"user-0031","83","450","","[评论内容已隐藏]"
"user-0064","178","690","","[评论内容已隐藏]"
"user-0065","29","0","comment-002677","[评论内容已隐藏]"
"user-0109","185","910","","[评论内容已隐藏]"
"user-0168","116","690","","[评论内容已隐藏]"
"user-0192","7","250","","[评论内容已隐藏]"
"user-0135","39","760","","[评论内容已隐藏]"
"user-0091","17","820","","[评论内容已隐藏]"
"user-0047","181","0","comment-001406","[评论内容已隐藏]"
"user-0207","171","100","","[评论内容已隐藏]"
"user-0022","129","820","","[评论内容已隐藏]"
"user-0161","200","0","comment-002682","[评论内容已隐藏]"
"user-0150","52","670","","[评论内容已隐藏]"
"user-0013","113","730","","[评论内容已隐藏]"
"user-0168","38","590","","[评论内容已隐藏]"
"user-0011","29","700","","[评论内容已隐藏]"
"user-0049","60","520","","[评论内容已隐藏]"
"user-0192","139","750","","[评论内容已隐藏]"
"user-0096","57","0","comment-000460","[评论内容已隐藏]"
"user-0171","93","0","comment-001829","[评论内容已隐藏]"
"user-0042","201","800","","[评论内容已隐藏]"
"user-0178","185","910","","[评论内容已隐藏]"
"user-0096","57","0","comment-001181","[评论内容已隐藏]"
"user-0196","165","630","","[评论内容已隐藏]"
"user-0210","123","850","","[评论内容已隐藏]"
"user-0084","17","670","","[评论内容已隐藏]"
"user-0174","106","760","","[评论内容已隐藏]"
"user-0153","72","690","","[评论内容已隐藏]"
"user-0109","227","800","","[评论内容已隐藏]"
"user-0021","88","500","","[评论内容已隐藏]"
"user-0016","106","700","","[评论内容已隐藏]"
"user-0082","40","0","comment-000250","[评论内容已隐藏]"
"user-0215","9","610","","[评论内容已隐藏]"
"user-0136","167","940","","[评论内容已隐藏]"
"user-0036","32","0","comment-ref-000038","[评论内容已隐藏]"
"user-0022","149","930","","[评论内容已隐藏]"
"user-0020","36","740","","[评论内容已隐藏]"
"user-0117","163","830","","[评论内容已隐藏]"
"user-0204","193","740","","[评论内容已隐藏]"
"user-0110","14","750","","[评论内容已隐藏]"
"user-0121","240","690","","[评论内容已隐藏]"
"user-0047","174","820","","[评论内容已隐藏]"
"user-0003","48","250","","[评论内容已隐藏]"
"user-0099","148","600","","[评论内容已隐藏]"
"user-0107","81","880","","[评论内容已隐藏]"
"user-0145","28","670","","[评论内容已隐藏]"
"user-0181","104","680","","[评论内容已隐藏]"
"user-0059","163","0","comment-001694","[评论内容已隐藏]"
"user-0015","2","650","","[评论内容已隐藏]"
"user-0098","74","0","comment-000462","[评论内容已隐藏]"
"user-0094","237","850","","[评论内容已隐藏]"
"user-0040","74","610","","[评论内容已隐藏]"
"user-0062","150","760","","[评论内容已隐藏]"
"user-0060","182","820","","[评论内容已隐藏]"
"user-0021","70","850","","[评论内容已隐藏]"
"user-0017","57","730","","[评论内容已隐藏]"
"user-0108","7","200","","[评论内容已隐藏]"
"user-0063","6","0","comment-002573","[评论内容已隐藏]"
"user-0149","175","770","","[评论内容已隐藏]"
"user-0112","146","300","","[评论内容已隐藏]"
"user-0153","28","450","","[评论内容已隐藏]"
"user-0132","132","890","","[评论内容已隐藏]"
"user-0025","159","760","","[评论内容已隐藏]"
"user-0107","179","550","","[评论内容已隐藏]"
"user-0074","173","750","","[评论内容已隐藏]"
"user-0108","2","700","","[评论内容已隐藏]"
"user-0074","157","900","","[评论内容已隐藏]"
"user-0018","6","600","","[评论内容已隐藏]"
"user-0164","222","0","comment-001427","[评论内容已隐藏]"
"user-0154","82","700","","[评论内容已隐藏]"
"user-0027","66","0","comment-001031","[评论内容已隐藏]"
"user-0138","124","730","","[评论内容已隐藏]"
"user-0102","45","650","","[评论内容已隐藏]"
"user-0156","62","650","","[评论内容已隐藏]"
"user-0119","115","710","","[评论内容已隐藏]"
"user-0049","65","690","","[评论内容已隐藏]"
"user-0042","207","0","comment-000675","[评论内容已隐藏]"
"user-0069","135","700","","[评论内容已隐藏]"
"user-0026","154","730","","[评论内容已隐藏]"
"user-0073","208","450","","[评论内容已隐藏]"
"user-0149","170","950","","[评论内容已隐藏]"
"user-0055","174","0","comment-000325","[评论内容已隐藏]"
"user-0126","196","0","comment-000201","[评论内容已隐藏]"
"user-0071","231","0","comment-001012","[评论内容已隐藏]"
"user-0117","238","840","","[评论内容已隐藏]"
"user-0213","51","680","","[评论内容已隐藏]"
"user-0049","103","740","","[评论内容已隐藏]"
"user-0060","185","0","comment-ref-000007","[评论内容已隐藏]"
"user-0050","167","740","","[评论内容已隐藏]"
"user-0193","66","750","","[评论内容已隐藏]"
"user-0134","139","870","","[评论内容已隐藏]"
"user-0037","207","680","","[评论内容已隐藏]"
"user-0102","76","710","","[评论内容已隐藏]"
"user-0093","36","650","","[评论内容已隐藏]"
"user-0019","213","700","","[评论内容已隐藏]"
"user-0207","178","840","","[评论内容已隐藏]"
"user-0164","222","0","comment-001453","[评论内容已隐藏]"
"user-0060","185","0","comment-001385","[评论内容已隐藏]"
"user-0015","6","720","","[评论内容已隐藏]"
"user-0117","239","610","","[评论内容已隐藏]"
"user-0132","64","700","","[评论内容已隐藏]"
"user-0152","30","280","","[评论内容已隐藏]"
"user-0010","15","300","","[评论内容已隐藏]"
"user-0031","189","800","","[评论内容已隐藏]"
"user-0027","98","850","","[评论内容已隐藏]"
"user-0063","6","0","comment-000591","[评论内容已隐藏]"
"user-0005","184","850","","[评论内容已隐藏]"
"user-0217","81","0","comment-001644","[评论内容已隐藏]"
"user-0026","170","900","","[评论内容已隐藏]"
"user-0127","123","0","comment-000831","[评论内容已隐藏]"
"user-0074","156","710","","[评论内容已隐藏]"
"user-0130","26","0","comment-000047","[评论内容已隐藏]"
"user-0021","69","0","comment-001566","[评论内容已隐藏]"
"user-0165","215","860","","[评论内容已隐藏]"
"user-0106","12","650","","[评论内容已隐藏]"
"user-0156","43","800","","[评论内容已隐藏]"
"user-0196","198","740","","[评论内容已隐藏]"
"user-0060","175","650","","[评论内容已隐藏]"
"user-0096","57","880","","[评论内容已隐藏]"
"user-0022","132","780","","[评论内容已隐藏]"
"user-0111","213","780","","[评论内容已隐藏]"
"user-0189","121","700","","[评论内容已隐藏]"
"user-0091","207","620","","[评论内容已隐藏]"
"user-0086","205","800","","[评论内容已隐藏]"
"user-0096","57","0","comment-002593","[评论内容已隐藏]"
"user-0138","99","0","comment-002725","[评论内容已隐藏]"
"user-0047","187","400","","[评论内容已隐藏]"
"user-0019","224","0","comment-001270","[评论内容已隐藏]"
"user-0132","25","670","","[评论内容已隐藏]"
"user-0031","80","750","","[评论内容已隐藏]"
"user-0022","127","810","","[评论内容已隐藏]"
"user-0118","169","0","comment-000886","[评论内容已隐藏]"
"user-0047","181","0","comment-002734","[评论内容已隐藏]"
"user-0107","129","890","","[评论内容已隐藏]"
"user-0176","202","760","","[评论内容已隐藏]"
"user-0068","130","800","","[评论内容已隐藏]"
"user-0055","203","750","","[评论内容已隐藏]"
"user-0093","122","730","","[评论内容已隐藏]"
"user-0065","10","870","","[评论内容已隐藏]"
"user-0027","123","810","","[评论内容已隐藏]"
"user-0026","63","830","","[评论内容已隐藏]"
"user-0181","113","620","","[评论内容已隐藏]"
"user-0141","241","950","","[评论内容已隐藏]"
"user-0050","192","720","","[评论内容已隐藏]"
"user-0026","98","790","","[评论内容已隐藏]"
"user-0184","66","650","","[评论内容已隐藏]"
"user-0096","57","0","comment-000893","[评论内容已隐藏]"
"user-0004","218","850","","[评论内容已隐藏]"
"user-0126","228","850","","[评论内容已隐藏]"
"user-0047","181","0","comment-000314","[评论内容已隐藏]"
"user-0030","130","670","","[评论内容已隐藏]"
"user-0101","116","740","","[评论内容已隐藏]"
"user-0099","103","810","","[评论内容已隐藏]"
"user-0004","197","0","comment-000885","[评论内容已隐藏]"
"user-0152","1","550","","[评论内容已隐藏]"
"user-0038","195","0","comment-002988","[评论内容已隐藏]"
"user-0005","214","400","","[评论内容已隐藏]"
"user-0103","90","820","","[评论内容已隐藏]"
"user-0164","217","510","","[评论内容已隐藏]"
"user-0030","221","900","","[评论内容已隐藏]"
"user-0176","61","0","comment-000776","[评论内容已隐藏]"
"user-0044","170","0","comment-000841","[评论内容已隐藏]"
"user-0011","25","0","comment-001793","[评论内容已隐藏]"
"user-0220","78","930","","[评论内容已隐藏]"
"user-0099","28","680","","[评论内容已隐藏]"
"user-0208","76","720","","[评论内容已隐藏]"
"user-0088","68","720","","[评论内容已隐藏]"
"user-0010","15","0","comment-002874","[评论内容已隐藏]"
"user-0194","145","400","","[评论内容已隐藏]"
"user-0012","239","710","","[评论内容已隐藏]"
"user-0208","26","780","","[评论内容已隐藏]"
"user-0133","63","770","","[评论内容已隐藏]"
"user-0086","184","770","","[评论内容已隐藏]"
"user-0118","169","0","comment-001369","[评论内容已隐藏]"
"user-0095","127","0","comment-ref-000010","[评论内容已隐藏]"
"user-0047","183","870","","[评论内容已隐藏]"
"user-0104","163","690","","[评论内容已隐藏]"
"user-0053","190","100","","[评论内容已隐藏]"
"user-0217","126","800","","[评论内容已隐藏]"
"user-0068","188","850","","[评论内容已隐藏]"
"user-0139","133","600","","[评论内容已隐藏]"
"user-0050","174","750","","[评论内容已隐藏]"
"user-0160","186","680","","[评论内容已隐藏]"
"user-0151","3","500","","[评论内容已隐藏]"
"user-0198","147","500","","[评论内容已隐藏]"
"user-0190","121","830","","[评论内容已隐藏]"
"user-0131","218","770","","[评论内容已隐藏]"
"user-0184","25","670","","[评论内容已隐藏]"
"user-0150","189","840","","[评论内容已隐藏]"
"user-0004","226","0","comment-002937","[评论内容已隐藏]"
"user-0076","110","750","","[评论内容已隐藏]"
"user-0134","1","800","","[评论内容已隐藏]"
"user-0015","114","640","","[评论内容已隐藏]"
"user-0128","7","670","","[评论内容已隐藏]"
"user-0113","117","700","","[评论内容已隐藏]"
"user-0170","109","900","","[评论内容已隐藏]"
"user-0172","241","880","","[评论内容已隐藏]"
"user-0194","168","670","","[评论内容已隐藏]"
"user-0166","201","700","","[评论内容已隐藏]"
"user-0031","69","910","","[评论内容已隐藏]"
"user-0169","163","920","","[评论内容已隐藏]"
"user-0040","46","0","comment-002837","[评论内容已隐藏]"
"user-0009","29","650","","[评论内容已隐藏]"
"user-0025","120","850","","[评论内容已隐藏]"
"user-0004","5","0","comment-001942","[评论内容已隐藏]"
"user-0020","67","670","","[评论内容已隐藏]"
"user-0139","85","780","","[评论内容已隐藏]"
"user-0116","200","630","","[评论内容已隐藏]"
"user-0042","151","740","","[评论内容已隐藏]"
"user-0164","222","0","comment-002470","[评论内容已隐藏]"
"user-0217","141","620","","[评论内容已隐藏]"
"user-0181","195","840","","[评论内容已隐藏]"
"user-0095","202","780","","[评论内容已隐藏]"
"user-0120","18","690","","[评论内容已隐藏]"
"user-0224","174","770","","[评论内容已隐藏]"
"user-0189","90","650","","[评论内容已隐藏]"
"user-0178","80","500","","[评论内容已隐藏]"
"user-0229","45","740","","[评论内容已隐藏]"
"user-0087","67","610","","[评论内容已隐藏]"
"user-0018","22","700","","[评论内容已隐藏]"
"user-0208","91","650","","[评论内容已隐藏]"
"user-0129","202","740","","[评论内容已隐藏]"
"user-0065","90","800","","[评论内容已隐藏]"
"user-0009","9","0","comment-001492","[评论内容已隐藏]"
"user-0112","110","780","","[评论内容已隐藏]"
"user-0115","174","730","","[评论内容已隐藏]"
"user-0048","78","700","","[评论内容已隐藏]"
"user-0046","242","0","comment-ref-000039","[评论内容已隐藏]"
"user-0161","121","660","","[评论内容已隐藏]"
"user-0083","25","700","","[评论内容已隐藏]"
"user-0059","183","890","","[评论内容已隐藏]"
"user-0048","234","400","","[评论内容已隐藏]"
"user-0062","132","600","","[评论内容已隐藏]"
"user-0127","115","640","","[评论内容已隐藏]"
"user-0118","132","870","","[评论内容已隐藏]"
"user-0031","92","0","comment-000875","[评论内容已隐藏]"
"user-0192","55","660","","[评论内容已隐藏]"
"user-0161","200","0","comment-001079","[评论内容已隐藏]"
"user-0103","35","0","comment-000010","[评论内容已隐藏]"
"user-0013","176","0","comment-001679","[评论内容已隐藏]"
"user-0063","87","800","","[评论内容已隐藏]"
"user-0173","9","670","","[评论内容已隐藏]"
"user-0201","200","750","","[评论内容已隐藏]"
"user-0013","133","710","","[评论内容已隐藏]"
"user-0033","23","780","","[评论内容已隐藏]"
"user-0075","204","750","","[评论内容已隐藏]"
"user-0053","97","640","","[评论内容已隐藏]"
"user-0202","127","810","","[评论内容已隐藏]"
"user-0026","21","590","","[评论内容已隐藏]"
"user-0181","75","600","","[评论内容已隐藏]"
"user-0193","99","610","","[评论内容已隐藏]"
"user-0053","190","100","","[评论内容已隐藏]"
"user-0079","168","690","","[评论内容已隐藏]"
"user-0212","60","0","comment-003059","[评论内容已隐藏]"
"user-0037","205","790","","[评论内容已隐藏]"
"user-0180","236","0","comment-003151","[评论内容已隐藏]"
"user-0103","62","700","","[评论内容已隐藏]"
"user-0155","159","740","","[评论内容已隐藏]"
"user-0052","197","0","comment-001713","[评论内容已隐藏]"
"user-0160","181","750","","[评论内容已隐藏]"
"user-0160","237","630","","[评论内容已隐藏]"
"user-0102","16","0","comment-002051","[评论内容已隐藏]"
"user-0169","150","0","comment-001487","[评论内容已隐藏]"
"user-0091","36","0","comment-000096","[评论内容已隐藏]"
"user-0193","115","700","","[评论内容已隐藏]"
"user-0111","182","820","","[评论内容已隐藏]"
"user-0107","185","870","","[评论内容已隐藏]"
"user-0042","183","740","","[评论内容已隐藏]"
"user-0018","54","0","comment-001025","[评论内容已隐藏]"
"user-0064","82","0","comment-002946","[评论内容已隐藏]"
"user-0021","69","0","comment-002237","[评论内容已隐藏]"
"user-0162","172","900","","[评论内容已隐藏]"
"user-0031","69","0","comment-002674","[评论内容已隐藏]"
"user-0218","64","690","","[评论内容已隐藏]"
"user-0213","130","0","comment-002610","[评论内容已隐藏]"
"user-0026","26","0","comment-ref-000026","[评论内容已隐藏]"
"user-0091","49","810","","[评论内容已隐藏]"
"user-0020","77","740","","[评论内容已隐藏]"
"user-0002","86","810","","[评论内容已隐藏]"
"user-0193","39","790","","[评论内容已隐藏]"
"user-0040","112","530","","[评论内容已隐藏]"
"user-0091","1","660","","[评论内容已隐藏]"
"user-0213","117","660","","[评论内容已隐藏]"
"user-0158","165","840","","[评论内容已隐藏]"
"user-0123","110","720","","[评论内容已隐藏]"
"user-0038","195","0","comment-000660","[评论内容已隐藏]"
"user-0048","229","0","comment-001443","[评论内容已隐藏]"
"user-0071","236","600","","[评论内容已隐藏]"
"user-0106","74","300","","[评论内容已隐藏]"
"user-0082","232","590","","[评论内容已隐藏]"
"user-0074","154","700","","[评论内容已隐藏]"
"user-0047","76","500","","[评论内容已隐藏]"
"user-0198","16","770","","[评论内容已隐藏]"
"user-0102","69","940","","[评论内容已隐藏]"
"user-0116","156","600","","[评论内容已隐藏]"
"user-0045","39","740","","[评论内容已隐藏]"
"user-0131","232","700","","[评论内容已隐藏]"
"user-0129","150","760","","[评论内容已隐藏]"
"user-0158","228","850","","[评论内容已隐藏]"
"user-0003","11","730","","[评论内容已隐藏]"
"user-0027","66","0","comment-002620","[评论内容已隐藏]"
"user-0024","219","0","comment-003142","[评论内容已隐藏]"
"user-0187","137","690","","[评论内容已隐藏]"
"user-0151","108","790","","[评论内容已隐藏]"
"user-0024","57","650","","[评论内容已隐藏]"
"user-0026","171","550","","[评论内容已隐藏]"
"user-0091","24","740","","[评论内容已隐藏]"
"user-0001","207","740","","[评论内容已隐藏]"
"user-0013","18","670","","[评论内容已隐藏]"
"user-0136","170","910","","[评论内容已隐藏]"
"user-0139","142","600","","[评论内容已隐藏]"
"user-0130","26","0","comment-000206","[评论内容已隐藏]"
"user-0013","226","780","","[评论内容已隐藏]"
"user-0031","177","710","","[评论内容已隐藏]"
"user-0161","202","770","","[评论内容已隐藏]"
"user-0118","45","0","comment-002394","[评论内容已隐藏]"
"user-0052","197","0","comment-000885","[评论内容已隐藏]"
"user-0088","160","510","","[评论内容已隐藏]"
"user-0151","12","630","","[评论内容已隐藏]"
"user-0083","136","700","","[评论内容已隐藏]"
"user-0082","157","900","","[评论内容已隐藏]"
"user-0113","67","0","comment-002250","[评论内容已隐藏]"
"user-0002","50","710","","[评论内容已隐藏]"
"user-0061","94","690","","[评论内容已隐藏]"
"user-0042","204","780","","[评论内容已隐藏]"
"user-0210","90","750","","[评论内容已隐藏]"
"user-0194","182","850","","[评论内容已隐藏]"
"user-0135","65","0","comment-000156","[评论内容已隐藏]"
"user-0057","167","800","","[评论内容已隐藏]"
"user-0189","38","670","","[评论内容已隐藏]"
"user-0132","55","700","","[评论内容已隐藏]"
"user-0065","100","850","","[评论内容已隐藏]"
"user-0188","99","560","","[评论内容已隐藏]"
"user-0079","114","600","","[评论内容已隐藏]"
"user-0150","115","710","","[评论内容已隐藏]"
"user-0230","68","660","","[评论内容已隐藏]"
"user-0099","25","630","","[评论内容已隐藏]"
"user-0039","87","770","","[评论内容已隐藏]"
"user-0207","27","750","","[评论内容已隐藏]"
"user-0184","89","750","","[评论内容已隐藏]"
"user-0079","59","600","","[评论内容已隐藏]"
"user-0068","129","0","comment-001440","[评论内容已隐藏]"
"user-0031","92","0","comment-001613","[评论内容已隐藏]"
"user-0044","238","980","","[评论内容已隐藏]"
"user-0140","123","0","comment-000997","[评论内容已隐藏]"
"user-0026","103","790","","[评论内容已隐藏]"
"user-0101","22","740","","[评论内容已隐藏]"
"user-0095","127","0","comment-002405","[评论内容已隐藏]"
"user-0227","10","720","","[评论内容已隐藏]"
"user-0061","55","650","","[评论内容已隐藏]"
"user-0065","103","720","","[评论内容已隐藏]"
"user-0102","72","710","","[评论内容已隐藏]"
"user-0151","25","0","comment-001701","[评论内容已隐藏]"
"user-0129","204","830","","[评论内容已隐藏]"
"user-0084","98","0","comment-002619","[评论内容已隐藏]"
"user-0087","60","800","","[评论内容已隐藏]"
"user-0066","91","770","","[评论内容已隐藏]"
"user-0016","231","790","","[评论内容已隐藏]"
"user-0103","35","0","comment-002004","[评论内容已隐藏]"
"user-0004","197","0","comment-000885","[评论内容已隐藏]"
"user-0010","13","690","","[评论内容已隐藏]"
"user-0118","142","300","","[评论内容已隐藏]"
"user-0184","46","740","","[评论内容已隐藏]"
"user-0052","197","0","comment-ref-000005","[评论内容已隐藏]"
"user-0122","130","730","","[评论内容已隐藏]"
"user-0095","206","860","","[评论内容已隐藏]"
"user-0072","132","870","","[评论内容已隐藏]"
"user-0173","62","780","","[评论内容已隐藏]"
"user-0167","233","640","","[评论内容已隐藏]"
"user-0018","31","650","","[评论内容已隐藏]"
"user-0081","87","0","comment-000800","[评论内容已隐藏]"
"user-0005","23","800","","[评论内容已隐藏]"
"user-0082","230","720","","[评论内容已隐藏]"
"user-0047","162","820","","[评论内容已隐藏]"
"user-0056","114","0","comment-002808","[评论内容已隐藏]"
"user-0090","186","0","comment-001637","[评论内容已隐藏]"
"user-0080","120","0","comment-001934","[评论内容已隐藏]"
"user-0198","143","650","","[评论内容已隐藏]"
"user-0011","19","820","","[评论内容已隐藏]"
"user-0027","2","590","","[评论内容已隐藏]"
"user-0210","63","740","","[评论内容已隐藏]"
"user-0190","122","0","comment-002388","[评论内容已隐藏]"
"user-0182","139","780","","[评论内容已隐藏]"
"user-0127","123","0","comment-002499","[评论内容已隐藏]"
"user-0091","36","0","comment-000648","[评论内容已隐藏]"
"user-0226","235","740","","[评论内容已隐藏]"
"user-0037","214","300","","[评论内容已隐藏]"
"user-0044","168","0","comment-001203","[评论内容已隐藏]"
"user-0055","174","0","comment-ref-000040","[评论内容已隐藏]"
"user-0122","215","710","","[评论内容已隐藏]"
"user-0198","167","0","comment-002400","[评论内容已隐藏]"
"user-0215","211","0","comment-ref-000025","[评论内容已隐藏]"
"user-0022","8","650","","[评论内容已隐藏]"
"user-0065","131","950","","[评论内容已隐藏]"
"user-0072","70","0","comment-002529","[评论内容已隐藏]"
"user-0092","178","740","","[评论内容已隐藏]"
"user-0165","177","620","","[评论内容已隐藏]"
"user-0162","237","700","","[评论内容已隐藏]"
"user-0137","193","400","","[评论内容已隐藏]"
"user-0173","15","670","","[评论内容已隐藏]"
"user-0050","194","690","","[评论内容已隐藏]"
"user-0125","143","0","comment-002425","[评论内容已隐藏]"
"user-0231","86","750","","[评论内容已隐藏]"
"user-0047","181","0","comment-001115","[评论内容已隐藏]"
"user-0096","57","0","comment-003148","[评论内容已隐藏]"
"user-0026","101","880","","[评论内容已隐藏]"
"user-0129","165","1000","","[评论内容已隐藏]"
"user-0053","145","490","","[评论内容已隐藏]"
"user-0037","238","880","","[评论内容已隐藏]"
"user-0138","111","600","","[评论内容已隐藏]"
"user-0054","242","670","","[评论内容已隐藏]"
"user-0037","104","700","","[评论内容已隐藏]"
"user-0010","33","700","","[评论内容已隐藏]"
"user-0047","181","0","comment-000470","[评论内容已隐藏]"
"user-0050","172","710","","[评论内容已隐藏]"
"user-0110","7","600","","[评论内容已隐藏]"
"user-0207","130","770","","[评论内容已隐藏]"
"user-0223","234","710","","[评论内容已隐藏]"
"user-0096","87","740","","[评论内容已隐藏]"
"user-0169","77","730","","[评论内容已隐藏]"
"user-0094","238","940","","[评论内容已隐藏]"
"user-0121","106","0","comment-002206","[评论内容已隐藏]"
"user-0104","209","700","","[评论内容已隐藏]"
"user-0060","193","720","","[评论内容已隐藏]"
"user-0121","106","0","comment-000996","[评论内容已隐藏]"
"user-0016","242","720","","[评论内容已隐藏]"
"user-0001","114","650","","[评论内容已隐藏]"
"user-0118","161","770","","[评论内容已隐藏]"
"user-0215","224","710","","[评论内容已隐藏]"
"user-0059","163","0","comment-001268","[评论内容已隐藏]"
"user-0176","92","700","","[评论内容已隐藏]"
"user-0031","102","550","","[评论内容已隐藏]"
"user-0180","236","670","","[评论内容已隐藏]"
"user-0022","29","600","","[评论内容已隐藏]"
"user-0010","66","900","","[评论内容已隐藏]"
"user-0091","13","740","","[评论内容已隐藏]"
"user-0141","149","850","","[评论内容已隐藏]"
"user-0192","231","750","","[评论内容已隐藏]"
"user-0138","64","670","","[评论内容已隐藏]"
"user-0149","86","660","","[评论内容已隐藏]"
"user-0094","188","800","","[评论内容已隐藏]"
"user-0130","26","0","comment-000855","[评论内容已隐藏]"
"user-0218","48","490","","[评论内容已隐藏]"
"user-0058","106","840","","[评论内容已隐藏]"
"user-0206","92","770","","[评论内容已隐藏]"
"user-0055","174","0","comment-002700","[评论内容已隐藏]"
"user-0005","215","900","","[评论内容已隐藏]"
"user-0129","165","0","comment-002498","[评论内容已隐藏]"
"user-0039","234","660","","[评论内容已隐藏]"
"user-0019","224","0","comment-001621","[评论内容已隐藏]"
"user-0193","92","740","","[评论内容已隐藏]"
"user-0071","162","800","","[评论内容已隐藏]"
"user-0088","148","0","comment-002964","[评论内容已隐藏]"
"user-0009","15","630","","[评论内容已隐藏]"
"user-0186","240","800","","[评论内容已隐藏]"
"user-0043","195","880","","[评论内容已隐藏]"
"user-0133","210","670","","[评论内容已隐藏]"
"user-0040","133","670","","[评论内容已隐藏]"
"user-0184","223","520","","[评论内容已隐藏]"
"user-0196","188","750","","[评论内容已隐藏]"
"user-0187","90","740","","[评论内容已隐藏]"
"user-0185","31","670","","[评论内容已隐藏]"
"user-0004","226","670","","[评论内容已隐藏]"
"user-0124","155","640","","[评论内容已隐藏]"
"user-0169","242","660","","[评论内容已隐藏]"
"user-0008","215","860","","[评论内容已隐藏]"
"user-0079","96","680","","[评论内容已隐藏]"
"user-0096","92","0","comment-002469","[评论内容已隐藏]"
"user-0026","34","600","","[评论内容已隐藏]"
"user-0039","208","620","","[评论内容已隐藏]"
"user-0072","109","780","","[评论内容已隐藏]"
"user-0102","82","630","","[评论内容已隐藏]"
"user-0109","43","720","","[评论内容已隐藏]"
"user-0102","16","0","comment-000081","[评论内容已隐藏]"
"user-0026","41","660","","[评论内容已隐藏]"
"user-0044","76","880","","[评论内容已隐藏]"
"user-0184","12","730","","[评论内容已隐藏]"
"user-0144","147","700","","[评论内容已隐藏]"
"user-0006","228","800","","[评论内容已隐藏]"
"user-0092","198","0","comment-003177","[评论内容已隐藏]"
"user-0156","206","720","","[评论内容已隐藏]"
"user-0076","23","700","","[评论内容已隐藏]"
"user-0215","156","720","","[评论内容已隐藏]"
"user-0138","84","750","","[评论内容已隐藏]"
"user-0192","179","730","","[评论内容已隐藏]"
"user-0065","242","700","","[评论内容已隐藏]"
"user-0050","20","280","","[评论内容已隐藏]"
"user-0092","197","900","","[评论内容已隐藏]"
"user-0118","64","500","","[评论内容已隐藏]"
"user-0139","148","800","","[评论内容已隐藏]"
"user-0075","103","0","comment-002820","[评论内容已隐藏]"
"user-0048","229","0","comment-001735","[评论内容已隐藏]"
"user-0137","144","700","","[评论内容已隐藏]"
"user-0044","207","400","","[评论内容已隐藏]"
"user-0148","94","750","","[评论内容已隐藏]"
"user-0107","229","810","","[评论内容已隐藏]"
"user-0094","211","800","","[评论内容已隐藏]"
"user-0154","41","0","comment-000621","[评论内容已隐藏]"
"user-0202","240","610","","[评论内容已隐藏]"
"user-0087","50","800","","[评论内容已隐藏]"
"user-0141","230","900","","[评论内容已隐藏]"
"user-0019","107","700","","[评论内容已隐藏]"
"user-0116","177","670","","[评论内容已隐藏]"
"user-0027","66","0","comment-001715","[评论内容已隐藏]"
"user-0086","193","820","","[评论内容已隐藏]"
"user-0043","197","0","comment-ref-000005","[评论内容已隐藏]"
"user-0030","203","860","","[评论内容已隐藏]"
"user-0070","213","800","","[评论内容已隐藏]"
"user-0055","174","0","comment-002274","[评论内容已隐藏]"
"user-0091","101","750","","[评论内容已隐藏]"
"user-0173","63","0","comment-001520","[评论内容已隐藏]"
"user-0208","75","0","comment-000720","[评论内容已隐藏]"
"user-0026","121","800","","[评论内容已隐藏]"
"user-0123","195","850","","[评论内容已隐藏]"
"user-0081","218","840","","[评论内容已隐藏]"
"user-0184","27","0","comment-003001","[评论内容已隐藏]"
"user-0025","22","0","comment-003062","[评论内容已隐藏]"
"user-0045","47","700","","[评论内容已隐藏]"
"user-0171","77","700","","[评论内容已隐藏]"
"user-0059","149","820","","[评论内容已隐藏]"
"user-0172","196","840","","[评论内容已隐藏]"
"user-0099","118","610","","[评论内容已隐藏]"
"user-0211","8","610","","[评论内容已隐藏]"
"user-0008","191","0","comment-003130","[评论内容已隐藏]"
"user-0068","87","740","","[评论内容已隐藏]"
"user-0077","96","0","comment-000320","[评论内容已隐藏]"
"user-0163","27","700","","[评论内容已隐藏]"
"user-0006","101","780","","[评论内容已隐藏]"
"user-0009","94","750","","[评论内容已隐藏]"
"user-0158","122","730","","[评论内容已隐藏]"
"user-0220","42","900","","[评论内容已隐藏]"
"user-0225","53","750","","[评论内容已隐藏]"
"user-0081","151","500","","[评论内容已隐藏]"
"user-0018","54","0","comment-001144","[评论内容已隐藏]"
"user-0134","72","750","","[评论内容已隐藏]"
"user-0024","219","0","comment-000744","[评论内容已隐藏]"
"user-0131","43","100","","[评论内容已隐藏]"
"user-0094","170","800","","[评论内容已隐藏]"
"user-0041","25","700","","[评论内容已隐藏]"
"user-0060","217","770","","[评论内容已隐藏]"
"user-0130","26","0","comment-001521","[评论内容已隐藏]"
"user-0148","229","750","","[评论内容已隐藏]"
"user-0005","183","890","","[评论内容已隐藏]"
"user-0156","227","900","","[评论内容已隐藏]"
"user-0064","82","0","comment-000576","[评论内容已隐藏]"
"user-0098","104","800","","[评论内容已隐藏]"
"user-0072","58","520","","[评论内容已隐藏]"
"user-0020","51","740","","[评论内容已隐藏]"
"user-0127","167","840","","[评论内容已隐藏]"
"user-0107","186","680","","[评论内容已隐藏]"
"user-0007","116","0","comment-ref-000032","[评论内容已隐藏]"
"user-0174","237","880","","[评论内容已隐藏]"
"user-0026","88","630","","[评论内容已隐藏]"
"user-0027","59","650","","[评论内容已隐藏]"
"user-0215","201","640","","[评论内容已隐藏]"
"user-0146","61","0","comment-000249","[评论内容已隐藏]"
"user-0009","33","600","","[评论内容已隐藏]"
"user-0019","224","0","comment-000791","[评论内容已隐藏]"
"user-0135","84","600","","[评论内容已隐藏]"
"user-0173","113","600","","[评论内容已隐藏]"
"user-0072","199","820","","[评论内容已隐藏]"
"user-0036","162","810","","[评论内容已隐藏]"
"user-0145","76","730","","[评论内容已隐藏]"
"user-0019","220","700","","[评论内容已隐藏]"
"user-0034","218","820","","[评论内容已隐藏]"
"user-0065","39","850","","[评论内容已隐藏]"
"user-0116","139","750","","[评论内容已隐藏]"
"user-0019","225","610","","[评论内容已隐藏]"
"user-0140","137","780","","[评论内容已隐藏]"
"user-0009","9","0","comment-001282","[评论内容已隐藏]"
"user-0034","170","0","comment-002555","[评论内容已隐藏]"
"user-0209","72","570","","[评论内容已隐藏]"
"user-0103","35","0","comment-ref-000041","[评论内容已隐藏]"
"user-0051","94","1000","","[评论内容已隐藏]"
"user-0104","49","0","comment-002751","[评论内容已隐藏]"
"user-0104","49","0","comment-003178","[评论内容已隐藏]"
"user-0028","72","720","","[评论内容已隐藏]"
"user-0094","132","770","","[评论内容已隐藏]"
"user-0152","37","0","comment-000769","[评论内容已隐藏]"
"user-0129","165","0","comment-002758","[评论内容已隐藏]"
"user-0180","155","650","","[评论内容已隐藏]"
"user-0101","106","750","","[评论内容已隐藏]"
"user-0127","177","690","","[评论内容已隐藏]"
"user-0009","9","0","comment-002507","[评论内容已隐藏]"
"user-0072","60","550","","[评论内容已隐藏]"
"user-0061","23","830","","[评论内容已隐藏]"
"user-0168","121","0","comment-000317","[评论内容已隐藏]"
"user-0138","22","630","","[评论内容已隐藏]"
"user-0078","160","250","","[评论内容已隐藏]"
"user-0120","41","590","","[评论内容已隐藏]"
"user-0132","45","440","","[评论内容已隐藏]"
"user-0179","55","700","","[评论内容已隐藏]"
"user-0026","157","0","comment-002541","[评论内容已隐藏]"
"user-0091","36","0","comment-001193","[评论内容已隐藏]"
"user-0139","148","0","comment-002964","[评论内容已隐藏]"
"user-0075","149","690","","[评论内容已隐藏]"
"user-0101","119","0","comment-000926","[评论内容已隐藏]"
"user-0084","5","750","","[评论内容已隐藏]"
"user-0094","197","920","","[评论内容已隐藏]"
"user-0228","120","550","","[评论内容已隐藏]"
"user-0112","35","400","","[评论内容已隐藏]"
"user-0038","195","0","comment-ref-000042","[评论内容已隐藏]"
"user-0127","136","950","","[评论内容已隐藏]"
"user-0004","5","0","comment-001304","[评论内容已隐藏]"
"user-0083","23","650","","[评论内容已隐藏]"
"user-0084","150","660","","[评论内容已隐藏]"
"user-0015","23","600","","[评论内容已隐藏]"
"user-0092","9","600","","[评论内容已隐藏]"
"user-0070","172","820","","[评论内容已隐藏]"
"user-0060","215","880","","[评论内容已隐藏]"
"user-0071","176","600","","[评论内容已隐藏]"
"user-0196","189","750","","[评论内容已隐藏]"
"user-0034","170","0","comment-002583","[评论内容已隐藏]"
"user-0195","220","890","","[评论内容已隐藏]"
"user-0009","9","0","comment-001492","[评论内容已隐藏]"
"user-0008","172","810","","[评论内容已隐藏]"
"user-0015","136","790","","[评论内容已隐藏]"
"user-0165","188","830","","[评论内容已隐藏]"
"user-0101","119","0","comment-000995","[评论内容已隐藏]"
"user-0079","85","0","comment-001118","[评论内容已隐藏]"
"user-0043","210","800","","[评论内容已隐藏]"
"user-0052","240","750","","[评论内容已隐藏]"
"user-0168","128","750","","[评论内容已隐藏]"
"user-0038","195","0","comment-002686","[评论内容已隐藏]"
"user-0121","199","740","","[评论内容已隐藏]"
"user-0060","159","550","","[评论内容已隐藏]"
"user-0172","202","800","","[评论内容已隐藏]"
"user-0086","183","790","","[评论内容已隐藏]"
"user-0201","148","720","","[评论内容已隐藏]"
"user-0142","43","850","","[评论内容已隐藏]"
"user-0022","48","150","","[评论内容已隐藏]"
"user-0048","104","780","","[评论内容已隐藏]"
"user-0075","40","780","","[评论内容已隐藏]"
"user-0181","136","0","comment-000033","[评论内容已隐藏]"
"user-0028","28","0","comment-003207","[评论内容已隐藏]"
"user-0005","165","740","","[评论内容已隐藏]"
"user-0047","181","0","comment-002113","[评论内容已隐藏]"
"user-0018","55","600","","[评论内容已隐藏]"
"user-0017","52","0","comment-000732","[评论内容已隐藏]"
"user-0128","7","0","comment-002668","[评论内容已隐藏]"
"user-0136","162","100","","[评论内容已隐藏]"
"user-0005","134","950","","[评论内容已隐藏]"
"user-0153","27","620","","[评论内容已隐藏]"
"user-0036","156","680","","[评论内容已隐藏]"
"user-0043","178","0","comment-000306","[评论内容已隐藏]"
"user-0173","56","600","","[评论内容已隐藏]"
"user-0090","238","0","comment-ref-000020","[评论内容已隐藏]"
"user-0005","85","750","","[评论内容已隐藏]"
"user-0131","235","770","","[评论内容已隐藏]"
"user-0162","200","800","","[评论内容已隐藏]"
"user-0056","15","650","","[评论内容已隐藏]"
"user-0102","70","850","","[评论内容已隐藏]"
"user-0068","133","550","","[评论内容已隐藏]"
"user-0112","104","850","","[评论内容已隐藏]"
"user-0063","223","500","","[评论内容已隐藏]"
"user-0023","191","620","","[评论内容已隐藏]"
"user-0095","216","810","","[评论内容已隐藏]"
"user-0165","31","790","","[评论内容已隐藏]"
"user-0019","224","0","comment-002903","[评论内容已隐藏]"
"user-0174","90","700","","[评论内容已隐藏]"
"user-0118","218","800","","[评论内容已隐藏]"
"user-0116","39","770","","[评论内容已隐藏]"
"user-0114","95","0","comment-000516","[评论内容已隐藏]"
"user-0077","116","780","","[评论内容已隐藏]"
"user-0052","185","0","comment-ref-000031","[评论内容已隐藏]"
"user-0104","49","0","comment-000169","[评论内容已隐藏]"
"user-0053","189","840","","[评论内容已隐藏]"
"user-0094","219","600","","[评论内容已隐藏]"
"user-0051","42","700","","[评论内容已隐藏]"
"user-0032","44","780","","[评论内容已隐藏]"
"user-0020","123","740","","[评论内容已隐藏]"
"user-0109","136","710","","[评论内容已隐藏]"
"user-0118","169","0","comment-001067","[评论内容已隐藏]"
"user-0081","57","590","","[评论内容已隐藏]"
"user-0070","220","800","","[评论内容已隐藏]"
"user-0190","87","690","","[评论内容已隐藏]"
"user-0226","236","900","","[评论内容已隐藏]"
"user-0028","46","790","","[评论内容已隐藏]"
"user-0008","122","800","","[评论内容已隐藏]"
"user-0093","54","740","","[评论内容已隐藏]"
"user-0030","220","900","","[评论内容已隐藏]"
"user-0109","215","0","comment-002864","[评论内容已隐藏]"
"user-0100","176","710","","[评论内容已隐藏]"
"user-0053","237","0","comment-002735","[评论内容已隐藏]"
"user-0081","87","0","comment-002715","[评论内容已隐藏]"
"user-0070","180","650","","[评论内容已隐藏]"
"user-0049","196","820","","[评论内容已隐藏]"
"user-0096","146","500","","[评论内容已隐藏]"
"user-0013","185","0","comment-ref-000031","[评论内容已隐藏]"
"user-0049","31","780","","[评论内容已隐藏]"
"user-0013","176","0","comment-001824","[评论内容已隐藏]"
"user-0043","178","0","comment-002570","[评论内容已隐藏]"
"user-0188","57","720","","[评论内容已隐藏]"
"user-0152","38","500","","[评论内容已隐藏]"
"user-0091","36","0","comment-000877","[评论内容已隐藏]"
"user-0226","171","910","","[评论内容已隐藏]"
"user-0037","127","840","","[评论内容已隐藏]"
"user-0029","108","360","","[评论内容已隐藏]"
"user-0087","50","0","comment-001518","[评论内容已隐藏]"
"user-0072","102","580","","[评论内容已隐藏]"
"user-0105","211","810","","[评论内容已隐藏]"
"user-0116","94","0","comment-001266","[评论内容已隐藏]"
"user-0041","198","850","","[评论内容已隐藏]"
"user-0003","49","800","","[评论内容已隐藏]"
"user-0003","52","820","","[评论内容已隐藏]"
"user-0012","190","780","","[评论内容已隐藏]"
"user-0047","194","500","","[评论内容已隐藏]"
"user-0224","182","730","","[评论内容已隐藏]"
"user-0124","149","0","comment-002302","[评论内容已隐藏]"
"user-0037","237","860","","[评论内容已隐藏]"
"user-0064","86","670","","[评论内容已隐藏]"
"user-0110","20","680","","[评论内容已隐藏]"
"user-0063","45","100","","[评论内容已隐藏]"
"user-0017","52","0","comment-001450","[评论内容已隐藏]"
"user-0060","181","0","comment-002113","[评论内容已隐藏]"
"user-0022","6","700","","[评论内容已隐藏]"
"user-0098","52","670","","[评论内容已隐藏]"
"user-0030","184","850","","[评论内容已隐藏]"
"user-0172","221","820","","[评论内容已隐藏]"
"user-0207","70","720","","[评论内容已隐藏]"
"user-0112","196","880","","[评论内容已隐藏]"
"user-0060","185","0","comment-ref-000031","[评论内容已隐藏]"
"user-0045","63","600","","[评论内容已隐藏]"
"user-0051","125","680","","[评论内容已隐藏]"
"user-0035","23","680","","[评论内容已隐藏]"
"user-0075","180","650","","[评论内容已隐藏]"
"user-0181","137","750","","[评论内容已隐藏]"
"user-0046","184","0","comment-000880","[评论内容已隐藏]"
"user-0177","126","700","","[评论内容已隐藏]"
"user-0112","98","830","","[评论内容已隐藏]"
"user-0218","45","0","comment-000319","[评论内容已隐藏]"
"user-0224","187","640","","[评论内容已隐藏]"
"user-0072","28","630","","[评论内容已隐藏]"
"user-0163","37","0","comment-002226","[评论内容已隐藏]"
"user-0176","61","0","comment-000918","[评论内容已隐藏]"
"user-0213","102","520","","[评论内容已隐藏]"
"user-0160","54","710","","[评论内容已隐藏]"
"user-0145","208","500","","[评论内容已隐藏]"
"user-0192","222","800","","[评论内容已隐藏]"
"user-0178","221","900","","[评论内容已隐藏]"
"user-0176","92","0","comment-001881","[评论内容已隐藏]"
"user-0140","29","740","","[评论内容已隐藏]"
"user-0226","201","810","","[评论内容已隐藏]"
"user-0121","106","0","comment-ref-000009","[评论内容已隐藏]"
"user-0137","145","680","","[评论内容已隐藏]"
"user-0040","37","710","","[评论内容已隐藏]"
"user-0133","235","800","","[评论内容已隐藏]"
"user-0178","166","770","","[评论内容已隐藏]"
"user-0063","6","0","comment-002429","[评论内容已隐藏]"
"user-0213","129","820","","[评论内容已隐藏]"
"user-0065","29","0","comment-000161","[评论内容已隐藏]"
"user-0147","187","600","","[评论内容已隐藏]"
"user-0054","195","800","","[评论内容已隐藏]"
"user-0154","40","840","","[评论内容已隐藏]"
"user-0083","112","600","","[评论内容已隐藏]"